image,address,size,state,name,status,source,symbol,has_relocations,evidence
arm9,0x02052D90,8,thumb,mar_entry_accessor,behavioral_complete,src/arm9/mar.c,ffc_mar_entry,false,"pointer array at object +0x18"
arm9,0x02035E30,12,thumb,call_noop_return_object_02035e30,behavioral_complete,src/arm9/nonleaf.c,ffc_arm9_02035e30,false,"direct call 0x02035D7C; return original object"
arm9,0x0207EEE4,10,thumb,call_then_one_0207eee4,behavioral_complete,src/arm9/nonleaf.c,ffc_arm9_0207eee4,false,"direct call 0x0207EE40; return 1"
arm9,0x02081210,12,thumb,two_call_chain_02081210,behavioral_complete,src/arm9/nonleaf.c,ffc_arm9_02081210,false,"direct call 0x020812E8 then 0x02081278"
arm9,0x02086B20,8,thumb,call_wrapper_02086b20,behavioral_complete,src/arm9/nonleaf.c,ffc_arm9_02086b20,false,"direct call 0x0208C5AC"
arm9,0x02088A2C,10,thumb,call_then_load_u16_02088a2c,behavioral_complete,src/arm9/nonleaf.c,ffc_arm9_02088a2c,false,"direct call 0x02088A38; load returned u16"
arm9,0x020903CC,12,thumb,call_return_object_020903cc,behavioral_complete,src/arm9/nonleaf.c,ffc_arm9_020903cc,false,"direct call 0x02090448; return original object"
arm9,0x0200D750,16,thumb,zero_field_call_return_0200d750,behavioral_complete,src/arm9/nonleaf.c,ffc_arm9_0200d750,false,"zero +4; call 0x0200D794; return object"
arm9,0x02052024,24,thumb,init_subobject_and_flags_02052024,behavioral_complete,src/arm9/nonleaf.c,ffc_arm9_02052024,false,"call 0x0207E890 on +4; zero bytes +0x54/+0x55"
arm9,0x02053F00,16,thumb,zero_field_call_return_02053f00,behavioral_complete,src/arm9/nonleaf.c,ffc_arm9_02053f00,false,"zero +4; call 0x02053F44; return object"
arm9,0x0205DB1C,16,thumb,mar_entry_field_18_0205db1c,behavioral_complete,src/arm9/nonleaf.c,ffc_arm9_0205db1c,false,"MAR lookup from +4/+8; load result +0x18"
arm9,0x0205DB2C,16,thumb,mar_entry_field_1c_0205db2c,behavioral_complete,src/arm9/nonleaf.c,ffc_arm9_0205db2c,false,"MAR lookup from +4/+8; load result +0x1C"
arm9,0x0205FBB8,16,thumb,forward_field_40_0205fbb8,behavioral_complete,src/arm9/nonleaf.c,ffc_arm9_0205fbb8,false,"forward object +0x40 and original arguments to 0x0205FBC8"
arm9,0x02060A54,16,thumb,store_pair_call_return_02060a54,behavioral_complete,src/arm9/nonleaf.c,ffc_arm9_02060a54,false,"store +0/+4; call 0x02060B30; return object"
arm9,0x02060E6C,18,thumb,store_zero_call_return_02060e6c,behavioral_complete,src/arm9/nonleaf.c,ffc_arm9_02060e6c,false,"store value +0; zero +8; call 0x02060E80; return object"
arm9,0x02063558,16,thumb,nested_mar_entry_field_04_02063558,behavioral_complete,src/arm9/nonleaf.c,ffc_arm9_02063558,false,"nested MAR lookup; load result +4"
arm9,0x02063568,16,thumb,nested_mar_entry_field_08_02063568,behavioral_complete,src/arm9/nonleaf.c,ffc_arm9_02063568,false,"nested MAR lookup; load result +8"
arm9,0x02063578,16,thumb,nested_mar_entry_field_10_02063578,behavioral_complete,src/arm9/nonleaf.c,ffc_arm9_02063578,false,"nested MAR lookup; load result +0x10"
arm9,0x02068334,16,thumb,zero_field_call_return_02068334,behavioral_complete,src/arm9/nonleaf.c,ffc_arm9_02068334,false,"zero +4; call 0x02068378; return object"
arm9,0x020691B0,16,thumb,zero_field_call_return_020691b0,behavioral_complete,src/arm9/nonleaf.c,ffc_arm9_020691b0,false,"zero +4; call 0x020691F4; return object"
arm9,0x0206C030,14,thumb,call_field_zero_return_0206c030,behavioral_complete,src/arm9/nonleaf.c,ffc_arm9_0206c030,false,"call 0x02056858 on pointer +0; return object"
arm9,0x020059CC,22,thumb,conditional_release_return_020059cc,behavioral_complete,src/arm9/nonleaf.c,ffc_arm9_020059cc,false,"if flags bit 0 call 0x02056844 on pointer +8; return object"
arm9,0x0200A678,22,thumb,conditional_release_return_0200a678,behavioral_complete,src/arm9/nonleaf.c,ffc_arm9_0200a678,false,"if flags bit 0 call 0x02056844 on pointer +8; return object"
arm9,0x02035FF4,20,thumb,accessor_nonzero_02035ff4,behavioral_complete,src/arm9/nonleaf.c,ffc_arm9_02035ff4,false,"call 0x02035DAC on object +4; normalize nonzero"
arm9,0x020366D4,18,thumb,call_equals_20_020366d4,behavioral_complete,src/arm9/nonleaf.c,ffc_arm9_020366d4,false,"call 0x0203608C; return result equals 20"
arm9,0x02052698,18,thumb,call_nonzero_02052698,behavioral_complete,src/arm9/nonleaf.c,ffc_arm9_02052698,false,"call 0x0207EEF0; normalize nonzero"
arm9,0x0205327C,20,thumb,assign_optional_acquire_0205327c,behavioral_complete,src/arm9/nonleaf.c,ffc_arm9_0205327c,false,"copy pointer; conditionally call 0x02052BE0; return destination"
arm9,0x02053290,18,thumb,optional_release_return_02053290,behavioral_complete,src/arm9/nonleaf.c,ffc_arm9_02053290,false,"conditionally call 0x02052C04 on pointer +0; return object"
arm9,0x0205DB04,24,thumb,mar_entry_flag_0205db04,behavioral_complete,src/arm9/nonleaf.c,ffc_arm9_0205db04,false,"MAR lookup from +4/+8; normalize result +4 bit 0"
arm9,0x0207CB04,18,thumb,two_call_setup_0207cb04,behavioral_complete,src/arm9/nonleaf.c,ffc_arm9_0207cb04,false,"call 0x020869D8; call 0x0207CB94 with 1"
arm9,0x02015A38,10,thumb,global_call_wrapper_02015a38,behavioral_complete,src/arm9/nonleaf.c,ffc_arm9_02015a38,true,"pass fixed address 0x020ACD8C to direct call 0x0203B77C"
arm9,0x0203C23C,14,thumb,global_call_field_24_0203c23c,behavioral_complete,src/arm9/nonleaf.c,ffc_arm9_0203c23c,true,"load pointer through fixed address 0x0213DF18; call 0x0204F7D4; load returned object +0x24"
arm9,0x0203C250,14,thumb,global_call_field_24_0203c250,behavioral_complete,src/arm9/nonleaf.c,ffc_arm9_0203c250,true,"load pointer through fixed address 0x0213DF18; call 0x0204F7EC; load returned object +0x24"
arm9,0x0205208C,16,thumb,store_literal_call_return_0205208c,behavioral_complete,src/arm9/nonleaf.c,ffc_arm9_0205208c,true,"store fixed value 0x020B04C8 at +0; call 0x02052208; return object"
arm9,0x02086AF0,16,thumb,forward_constant_and_args_02086af0,behavioral_complete,src/arm9/nonleaf.c,ffc_arm9_02086af0,true,"forward object; constant 0x7FFFFFFF; and original arguments to 0x02086B20"
arm9,0x0207E4AC,20,thumb,clear_object_fields_0207e4ac,behavioral_complete,src/arm9/interworking/nonleaf.c,ffc_arm9_0207e4ac,false,"call ARM target 0x02084B2C with zero and size 0x5C; clear words +0x10 and +0x0C; target does not establish a C return contract"
arm9,0x02063588,24,thumb,nested_mar_index_02063588,behavioral_complete,src/arm9/nonleaf.c,ffc_arm9_02063588,false,"nested MAR lookup; return entry plus field +0x14 plus index times 16"
arm9,0x0207EA98,24,thumb,stack_pair_call_0207ea98,behavioral_complete,src/arm9/nonleaf.c,ffc_arm9_0207ea98,false,"store stack pair address at object +0x10; call 0x0207E0F4 with 14 and 1"
arm9,0x0201E9A8,20,thumb,forward_derived_value_0201e9a8,behavioral_complete,src/arm9/nonleaf.c,ffc_arm9_0201e9a8,false,"derive a value through 0x0201E920 and forward it with object field +0x48 to 0x0201D204"
arm9,0x0203C01C,20,thumb,route_global_a_0203c01c,behavioral_complete,src/arm9/nonleaf.c,ffc_arm9_0203c01c,false,"obtain the first global-derived object and forward it with the input and two zero arguments to 0x02060F6C"
arm9,0x0203C030,20,thumb,route_global_b_0203c030,behavioral_complete,src/arm9/nonleaf.c,ffc_arm9_0203c030,false,"obtain the second global-derived object and forward it with the input and two zero arguments to 0x02060F6C"
arm9,0x0203C06C,20,thumb,route_global_a_0203c06c,behavioral_complete,src/arm9/nonleaf.c,ffc_arm9_0203c06c,false,"obtain the first global-derived object and forward it with the input and two zero arguments to 0x02061094"
arm9,0x0203C080,20,thumb,route_global_b_0203c080,behavioral_complete,src/arm9/nonleaf.c,ffc_arm9_0203c080,false,"obtain the second global-derived object and forward it with the input and two zero arguments to 0x02061094"
arm9,0x02061720,24,thumb,initialize_fields_02061720,behavioral_complete,src/arm9/nonleaf.c,ffc_arm9_02061720,true,"call 0x02061504; install literal 0x020B1460 at +0; clear byte +0x24; return object"
arm9,0x0200D794,28,thumb,release_owned_value_0200d794,behavioral_complete,src/arm9/nonleaf.c,ffc_arm9_0200d794,false,"if word +0 is nonzero clear word +4 and release the value through 0x02056844; return object"
arm9,0x02053D78,28,thumb,release_owned_value_02053d78,behavioral_complete,src/arm9/nonleaf.c,ffc_arm9_02053d78,false,"if word +0 is nonzero clear word +4 and release the value through 0x02056844; return object"
arm9,0x02053F44,28,thumb,release_owned_value_02053f44,behavioral_complete,src/arm9/nonleaf.c,ffc_arm9_02053f44,false,"if word +0 is nonzero clear word +4 and release the value through 0x02056844; return object"
arm9,0x02068378,28,thumb,release_owned_value_02068378,behavioral_complete,src/arm9/nonleaf.c,ffc_arm9_02068378,false,"if word +0 is nonzero clear word +4 and release the value through 0x02056844; return object"
arm9,0x020691F4,28,thumb,release_owned_value_020691f4,behavioral_complete,src/arm9/nonleaf.c,ffc_arm9_020691f4,false,"if word +0 is nonzero clear word +4 and release the value through 0x02056844; return object"
arm9,0x020363BC,24,thumb,lookup_indexed_entry_020363bc,behavioral_complete,src/arm9/nonleaf.c,ffc_arm9_020363bc,true,"mask object word +0x58 to eight bits; return zero for index zero; otherwise return the result of 0x02015BA4 through global 0x020B8E44"
arm9,0x02035EB8,26,thumb,lookup_entry_byte_02035eb8,behavioral_complete,src/arm9/nonleaf.c,ffc_arm9_02035eb8,true,"mask object word +8 to ten bits; return zero for index zero; otherwise look up through global 0x020B8E44 and return byte +9"
arm9,0x02035ED8,26,thumb,lookup_entry_byte_02035ed8,behavioral_complete,src/arm9/nonleaf.c,ffc_arm9_02035ed8,true,"mask object word +8 to ten bits; return zero for index zero; otherwise look up through global 0x020B8E44 and return byte +8"
arm9,0x020522A8,30,thumb,update_result_flag_020522a8,behavioral_complete,src/arm9/nonleaf.c,ffc_arm9_020522a8,false,"call 0x0207EA98 on object +4; store its nonzero result as byte +0x54; return that byte"
arm9,0x02060B30,26,thumb,clear_state_fields_02060b30,behavioral_complete,src/arm9/nonleaf.c,ffc_arm9_02060b30,false,"clear byte +8 and words +0x0C through +0x18; call 0x02060AC8 unless word +4 equals two"
arm9,0x02061504,26,thumb,initialize_fields_02061504,behavioral_complete,src/arm9/nonleaf.c,ffc_arm9_02061504,true,"call 0x02061314; install literal 0x020B14D0 at +0; store argument at +0x18; clear words +0x1C and +0x20; return object"
overlay_02,0x021AAFC0,20,thumb,test_nested_halfword_021aafc0,behavioral_complete,src/overlay_02/nonleaf.c,ffc_ov02_021aafc0,false,"call 0x021AAC08; return whether halfword +0x38 in the resulting object is nonzero"
overlay_02,0x021AA1A0,18,thumb,test_indexed_value_021aa1a0,behavioral_complete,src/overlay_02/nonleaf.c,ffc_ov02_021aa1a0,false,"call 0x021AA198 with the original arguments; return whether the result exceeds two"
arm9,0x02015BA4,26,thumb,index_global_table_02015ba4,behavioral_complete,src/arm9/nonleaf.c,ffc_arm9_02015ba4,true,"decode the MAR selected by words 0x020B8EE0 and 0x020B8EE4; return the entry-relative pointer selected from its +0x24 offset table"
arm9,0x02015C98,26,thumb,index_global_table_02015c98,behavioral_complete,src/arm9/nonleaf.c,ffc_arm9_02015c98,true,"decode the MAR selected by words 0x020B8F00 and 0x020B8F04; return the entry-relative pointer selected from its +0x0C offset table"
arm9,0x02017714,28,thumb,index_global_stride_02017714,behavioral_complete,src/arm9/nonleaf.c,ffc_arm9_02017714,true,"decode the MAR selected by words 0x020B8ED0 and 0x020B8ED4; return base +0x0C offset plus one-based byte index times 12"
arm9,0x02036134,26,thumb,lookup_nested_halfword_02036134,behavioral_complete,src/arm9/nonleaf.c,ffc_arm9_02036134,true,"mask object word +0x58 to eight bits; look up through global 0x020B8E44 and return halfword at entry-relative +0x26"
arm9,0x020375F4,20,thumb,apply_new_mask_bits_020375f4,behavioral_complete,src/arm9/nonleaf.c,ffc_arm9_020375f4,true,"compare mask with word 0x021395B0 and call 0x0203760C only when it adds at least one bit"
arm9,0x02037F40,22,thumb,initialize_object_array_02037f40,behavioral_complete,src/arm9/nonleaf.c,ffc_arm9_02037f40,true,"call 0x0209D02C on object +0x14 with two entries of size 0x160 and initializer 0x02037B91; return object"
arm9,0x02037F98,20,thumb,set_state_02037f98,behavioral_complete,src/arm9/nonleaf.c,ffc_arm9_02037f98,false,"store state at +4; call 0x02037FAC for state one; accept state two; return one"
arm9,0x0205816C,26,thumb,forward_seven_and_read_0205816c,behavioral_complete,src/arm9/nonleaf.c,ffc_arm9_0205816c,false,"forward seven arguments to 0x02057DF8 and return word +4 from its result"
arm9,0x0205FC5C,28,thumb,forward_field_and_five_0205fc5c,behavioral_complete,src/arm9/nonleaf.c,ffc_arm9_0205fc5c,false,"forward object word +0x40 and four original values to 0x0205FC78"
arm9,0x0205FF14,28,thumb,allocate_indexed_record_0205ff14,behavioral_complete,src/arm9/nonleaf.c,ffc_arm9_0205ff14,false,"call 0x02057DF8 with index times eight and fixed trailing arguments; store index at result +0x10; return result"
arm9,0x020098E0,14,thumb,global_setup_020098e0,behavioral_complete,src/arm9/nonleaf.c,ffc_arm9_020098e0,true,"call 0x02091A24 with literal 0x020AAD94 and return the result of 0x0208F42C"
arm9,0x02035C18,2,thumb,neutral_noop_02035c18,behavioral_complete,src/arm9/leaf_accessors.c,ffc_arm9_02035c18,false,bx lr
arm9,0x02035D7C,2,thumb,neutral_noop_02035d7c,behavioral_complete,src/arm9/leaf_accessors.c,ffc_arm9_02035d7c,false,bx lr
arm9,0x020367A8,2,thumb,neutral_noop_020367a8,behavioral_complete,src/arm9/leaf_accessors.c,ffc_arm9_020367a8,false,bx lr
arm9,0x02056894,2,thumb,neutral_noop_02056894,behavioral_complete,src/arm9/leaf_accessors.c,ffc_arm9_02056894,false,bx lr
arm9,0x02063BC8,2,thumb,neutral_noop_02063bc8,behavioral_complete,src/arm9/leaf_accessors.c,ffc_arm9_02063bc8,false,bx lr
arm9,0x0208F69C,2,thumb,neutral_noop_0208f69c,behavioral_complete,src/arm9/leaf_accessors.c,ffc_arm9_0208f69c,false,bx lr
arm9,0x02038B48,4,thumb,field_u32_04_get,behavioral_complete,src/arm9/leaf_accessors.c,ffc_arm9_02038b48,false,load u32 +0x04
arm9,0x02036380,4,thumb,subobject_24_get,behavioral_complete,src/arm9/leaf_accessors.c,ffc_arm9_02036380,false,return object +0x24
arm9,0x020367B8,4,thumb,subobject_04_get,behavioral_complete,src/arm9/leaf_accessors.c,ffc_arm9_020367b8,false,return object +0x04
arm9,0x02061568,4,thumb,field_u32_18_get,behavioral_complete,src/arm9/leaf_accessors.c,ffc_arm9_02061568,false,load u32 +0x18
arm9,0x02064AA8,4,thumb,field_u32_20_get,behavioral_complete,src/arm9/leaf_accessors.c,ffc_arm9_02064aa8,false,load u32 +0x20
arm9,0x02066878,4,thumb,field_u32_4c_get,behavioral_complete,src/arm9/leaf_accessors.c,ffc_arm9_02066878,false,load u32 +0x4c
arm9,0x0207FC20,4,thumb,field_u32_24_get,behavioral_complete,src/arm9/leaf_accessors.c,ffc_arm9_0207fc20,false,load u32 +0x24
arm9,0x0207FC24,4,thumb,field_u32_28_get,behavioral_complete,src/arm9/leaf_accessors.c,ffc_arm9_0207fc24,false,load u32 +0x28
arm9,0x020871D4,4,thumb,field_u32_70_get,behavioral_complete,src/arm9/leaf_accessors.c,ffc_arm9_020871d4,false,load u32 +0x70
arm9,0x0207FD2C,4,thumb,constant_zero,behavioral_complete,src/arm9/leaf_accessors.c,ffc_arm9_0207fd2c,false,return zero
arm9,0x020526AC,6,thumb,constant_minus_one,behavioral_complete,src/arm9/leaf_accessors.c,ffc_arm9_020526ac,false,return -1
arm9,0x02053234,6,thumb,field_u32_00_clear,behavioral_complete,src/arm9/leaf_accessors.c,ffc_arm9_02053234,false,clear u32 +0x00
arm9,0x02060E80,6,thumb,field_u16_04_clear,behavioral_complete,src/arm9/leaf_accessors.c,ffc_arm9_02060e80,false,clear u16 +0x04
arm9,0x0206133C,8,thumb,field_u32_04_increment,behavioral_complete,src/arm9/leaf_accessors.c,ffc_arm9_0206133c,false,increment u32 +0x04
arm9,0x0203645C,4,thumb,field_u32_54_set,behavioral_complete,src/arm9/leaf_accessors.c,ffc_arm9_0203645c,false,store u32 +0x54
arm9,0x02036460,6,thumb,first_word_copy,behavioral_complete,src/arm9/leaf_accessors.c,ffc_arm9_02036460,false,copy source u32 +0x00 to destination
arm9,0x0204F7A0,6,thumb,field_u8_78_get,behavioral_complete,src/arm9/leaf_accessors.c,ffc_arm9_0204f7a0,false,load u8 +0x78
arm9,0x020696E8,6,thumb,field_u32_88_get,behavioral_complete,src/arm9/leaf_accessors.c,ffc_arm9_020696e8,false,load u32 +0x88
arm9,0x020696E0,6,thumb,field_u8_b1_set,behavioral_complete,src/arm9/leaf_accessors.c,ffc_arm9_020696e0,false,store u8 +0xb1
arm9,0x02069320,6,thumb,field_u32_8c_set,behavioral_complete,src/arm9/leaf_accessors.c,ffc_arm9_02069320,false,store u32 +0x8c
arm9,0x02069404,6,thumb,field_u32_90_set,behavioral_complete,src/arm9/leaf_accessors.c,ffc_arm9_02069404,false,store u32 +0x90
arm9,0x0203C410,6,thumb,s16_array_get,behavioral_complete,src/arm9/leaf_accessors.c,ffc_arm9_0203c410,false,indexed signed halfword load
arm9,0x02036B4C,8,thumb,field_u32_48_array_get,behavioral_complete,src/arm9/leaf_accessors.c,ffc_arm9_02036b4c,false,indexed u32 load from +0x48
arm9,0x02058194,6,thumb,field_u32_14_copy,behavioral_complete,src/arm9/leaf_accessors.c,ffc_arm9_02058194,false,copy source +0x14 to destination +0x00
arm9,0x020576C8,10,thumb,four_field_init,behavioral_complete,src/arm9/leaf_accessors.c,ffc_arm9_020576c8,false,initialize +0x0c +0x10 +0x14 +0x18
arm9,0x02060448,16,thumb,mixed_field_init,behavioral_complete,src/arm9/leaf_accessors.c,ffc_arm9_02060448,false,initialize word and five zero fields
arm9,0x02088FA0,10,thumb,three_word_clear,behavioral_complete,src/arm9/leaf_accessors.c,ffc_arm9_02088fa0,false,clear words +0x08 +0x04 +0x00
arm9,0x02005DAC,8,thumb,field_u8_84_clear,behavioral_complete,src/arm9/leaf_accessors.c,ffc_arm9_02005dac,false,clear u8 +0x84
arm9,0x02005DB4,12,thumb,scaled_field_80_set,behavioral_complete,src/arm9/leaf_accessors.c,ffc_arm9_02005db4,false,store value times 1000 at +0x80
arm9,0x0201B924,10,thumb,nested_bits_04_05_get,behavioral_complete,src/arm9/leaf_accessors.c,ffc_arm9_0201b924,false,load nested +0x3c bits 4 through 5
arm9,0x0201BC54,14,thumb,strided_field_128_get_add,behavioral_complete,src/arm9/leaf_accessors.c,ffc_arm9_0201bc54,false,load object +0x128 + index*8 and add argument
arm9,0x0201E920,10,thumb,nested_low_nibble_times_8,behavioral_complete,src/arm9/leaf_accessors.c,ffc_arm9_0201e920,false,load nested +0x1c low nibble shifted by 3
arm9,0x02035C3C,16,thumb,packed_bits_00_04_set,behavioral_complete,src/arm9/leaf_accessors.c,ffc_arm9_02035c3c,false,replace packed bits 0 through 4
arm9,0x02035C4C,16,thumb,packed_bits_05_13_set,behavioral_complete,src/arm9/leaf_accessors.c,ffc_arm9_02035c4c,true,replace packed bits 5 through 13; PC-relative mask literal requires linker-aware verification
arm9,0x02035C60,16,thumb,packed_bits_14_22_set,behavioral_complete,src/arm9/leaf_accessors.c,ffc_arm9_02035c60,true,replace packed bits 14 through 22; PC-relative mask literal requires linker-aware verification
arm9,0x02035C74,14,thumb,packed_bits_23_31_set,behavioral_complete,src/arm9/leaf_accessors.c,ffc_arm9_02035c74,true,replace packed bits 23 through 31; PC-relative mask literal requires linker-aware verification
arm9,0x02035DAC,8,thumb,field_u8_04_get,behavioral_complete,src/arm9/leaf_accessors.c,ffc_arm9_02035dac,false,load low byte of word +0x04
arm9,0x02035DBC,16,thumb,field_u8_04_set,behavioral_complete,src/arm9/leaf_accessors.c,ffc_arm9_02035dbc,false,replace low byte of word +0x04
arm9,0x02035EB0,8,thumb,field_u10_08_get,behavioral_complete,src/arm9/leaf_accessors.c,ffc_arm9_02035eb0,false,load low 10 bits of word +0x08
arm9,0x02035F44,16,thumb,field_u10_08_set,behavioral_complete,src/arm9/leaf_accessors.c,ffc_arm9_02035f44,true,replace low 10 bits of word +0x08; PC-relative mask literal requires linker-aware verification
arm9,0x02036344,12,thumb,field_bit_54_get,behavioral_complete,src/arm9/leaf_accessors.c,ffc_arm9_02036344,false,load bit 0 of word +0x54
arm9,0x02036360,8,thumb,field_u8_58_get,behavioral_complete,src/arm9/leaf_accessors.c,ffc_arm9_02036360,false,load low byte of word +0x58
arm9,0x020363A4,8,thumb,field_bits_28_30_get,behavioral_complete,src/arm9/leaf_accessors.c,ffc_arm9_020363a4,false,load bits 28 through 30 of word +0x58
arm9,0x02036438,16,thumb,field_u8_58_set,behavioral_complete,src/arm9/leaf_accessors.c,ffc_arm9_02036438,false,replace low byte of word +0x58
arm9,0x02036838,8,thumb,field_bit_30_get,behavioral_complete,src/arm9/leaf_accessors.c,ffc_arm9_02036838,false,load bit 0 of word +0x30
arm9,0x02036CD8,8,thumb,field_bits_19_28_get,behavioral_complete,src/arm9/leaf_accessors.c,ffc_arm9_02036cd8,false,load bits 19 through 28 of word +0x08
arm9,0x0207E5C4,12,thumb,tagged_pointer_or_self_get,behavioral_complete,src/arm9/leaf_accessors.c,ffc_arm9_0207e5c4,false,return first word when signed byte +3 is nonzero else object
arm9,0x0207F8A0,14,thumb,range_difference_get,behavioral_complete,src/arm9/leaf_accessors.c,ffc_arm9_0207f8a0,false,write nested +8 minus +4 and return zero
arm9,0x02087C14,16,thumb,link_node_owner,behavioral_complete,src/arm9/leaf_accessors.c,ffc_arm9_02087c14,false,initialize bidirectional owner link
arm9,0x02088708,10,thumb,sparse_three_word_clear,behavioral_complete,src/arm9/leaf_accessors.c,ffc_arm9_02088708,false,clear words +0x00 +0x08 +0x20
overlay_02,0x02196414,4,thumb,subobject_80_get,behavioral_complete,src/overlay_02/leaf_accessors.c,ffc_ov02_02196414,false,return object +0x80
overlay_02,0x021D3310,4,thumb,field_u32_00_get,behavioral_complete,src/overlay_02/leaf_accessors.c,ffc_ov02_021d3310,false,load u32 +0x00
overlay_02,0x021D3314,4,thumb,field_u32_04_get,behavioral_complete,src/overlay_02/leaf_accessors.c,ffc_ov02_021d3314,false,load u32 +0x04
overlay_02,0x021D3318,4,thumb,field_u32_08_get,behavioral_complete,src/overlay_02/leaf_accessors.c,ffc_ov02_021d3318,false,load u32 +0x08
overlay_02,0x021A16D4,6,thumb,field_u32_f4_get_a,behavioral_complete,src/overlay_02/leaf_accessors.c,ffc_ov02_021a16d4,false,load u32 +0xf4
overlay_02,0x021A16DC,6,thumb,field_u32_f4_get_b,behavioral_complete,src/overlay_02/leaf_accessors.c,ffc_ov02_021a16dc,false,load u32 +0xf4
overlay_02,0x021A1AC4,6,thumb,field_u32_f8_get,behavioral_complete,src/overlay_02/leaf_accessors.c,ffc_ov02_021a1ac4,false,load u32 +0xf8
overlay_02,0x021AA770,6,thumb,field_u32_c0_get,behavioral_complete,src/overlay_02/leaf_accessors.c,ffc_ov02_021aa770,false,load u32 +0xc0
overlay_02,0x021AA778,6,thumb,field_u32_c4_get,behavioral_complete,src/overlay_02/leaf_accessors.c,ffc_ov02_021aa778,false,load u32 +0xc4
overlay_02,0x021AA780,6,thumb,field_u32_c8_get,behavioral_complete,src/overlay_02/leaf_accessors.c,ffc_ov02_021aa780,false,load u32 +0xc8
overlay_02,0x021AA788,6,thumb,field_u32_cc_get,behavioral_complete,src/overlay_02/leaf_accessors.c,ffc_ov02_021aa788,false,load u32 +0xcc
overlay_02,0x021AA850,6,thumb,field_u32_bc_get,behavioral_complete,src/overlay_02/leaf_accessors.c,ffc_ov02_021aa850,false,load u32 +0xbc
overlay_02,0x021A170C,8,thumb,field_u16_130_get,behavioral_complete,src/overlay_02/leaf_accessors.c,ffc_ov02_021a170c,false,load u16 +0x130
overlay_02,0x021A18BC,8,thumb,field_u32_120_get,behavioral_complete,src/overlay_02/leaf_accessors.c,ffc_ov02_021a18bc,false,load u32 +0x120
overlay_02,0x021A1E04,8,thumb,field_u8_140_get,behavioral_complete,src/overlay_02/leaf_accessors.c,ffc_ov02_021a1e04,false,load u8 +0x140
overlay_02,0x021AA198,8,thumb,indexed_field_18_get,behavioral_complete,src/overlay_02/leaf_accessors.c,ffc_ov02_021aa198,false,indexed u32 load from +0x18
overlay_02,0x021AAC08,8,thumb,field_u32_138_get,behavioral_complete,src/overlay_02/leaf_accessors.c,ffc_ov02_021aac08,false,load u32 +0x138
overlay_02,0x021AAC10,8,thumb,subobject_190_get,behavioral_complete,src/overlay_02/leaf_accessors.c,ffc_ov02_021aac10,false,return object +0x190
overlay_02,0x021AAB40,10,thumb,nested_u8_19_get,behavioral_complete,src/overlay_02/leaf_accessors.c,ffc_ov02_021aab40,false,load nested pointer +0x138 then u8 +0x19
overlay_02,0x021AAB4C,10,thumb,nested_u8_1a_get,behavioral_complete,src/overlay_02/leaf_accessors.c,ffc_ov02_021aab4c,false,load nested pointer +0x138 then u8 +0x1a
overlay_02,0x021AAB58,10,thumb,nested_u8_01_get,behavioral_complete,src/overlay_02/leaf_accessors.c,ffc_ov02_021aab58,false,load nested pointer +0x138 then u8 +0x01
overlay_02,0x021A18C4,12,thumb,nested_array_get,behavioral_complete,src/overlay_02/leaf_accessors.c,ffc_ov02_021a18c4,false,load pointer +0x11c then indexed u32
arm9,0x020872D0,6,thumb,field_u32_b4_set,behavioral_complete,src/arm9/leaf_accessors.c,ffc_arm9_020872d0,false,store u32 +0xb4
arm9,0x0208F694,8,thumb,signed_absolute_value,behavioral_complete,src/arm9/leaf_accessors.c,ffc_arm9_0208f694,false,signed absolute value
arm9,0x02062984,14,thumb,two_field_store,behavioral_complete,src/arm9/leaf_accessors.c,ffc_arm9_02062984,false,store arguments at +0x14 and +0x18
arm9,0x02059C34,18,thumb,packed_bits_02_05_copy,behavioral_complete,src/arm9/leaf_accessors.c,ffc_arm9_02059c34,false,replace bits 2 through 5 from source low nibble
arm9,0x0205359C,20,thumb,six_word_clear,behavioral_complete,src/arm9/leaf_accessors.c,ffc_arm9_0205359c,false,clear words +0x00 through +0x14
arm9,0x0208F6A4,20,thumb,range_fields_update,behavioral_complete,src/arm9/leaf_accessors.c,ffc_arm9_0208f6a4,false,update words +0x24 +0x28 +0x34
arm9,0x02035DCC,28,thumb,field_low_byte_add,behavioral_complete,src/arm9/leaf_accessors.c,ffc_arm9_02035dcc,false,add modulo 256 to low byte of word +0x04
arm9,0x020369C0,20,thumb,strided_flag_equals_one,behavioral_complete,src/arm9/leaf_accessors.c,ffc_arm9_020369c0,false,test byte +0x35 + index*4
arm9,0x020525F0,20,thumb,tagged_pointer_get_a,behavioral_complete,src/arm9/leaf_accessors.c,ffc_arm9_020525f0,false,select tagged 24-bit value or field +0x08
arm9,0x0207EB94,20,thumb,tagged_pointer_get_b,behavioral_complete,src/arm9/leaf_accessors.c,ffc_arm9_0207eb94,false,select tagged 24-bit value or field +0x08
arm9,0x0208C534,24,thumb,bounded_byte_write,behavioral_complete,src/arm9/leaf_accessors.c,ffc_arm9_0208c534,false,write and advance cursor when space remains
arm9,0x02036820,24,thumb,strided_optional_byte_get,behavioral_complete,src/arm9/leaf_accessors.c,ffc_arm9_02036820,false,load byte +0x36 when flag +0x34 is nonzero
arm9,0x02090270,24,thumb,argument_high_bit_test,behavioral_complete,src/arm9/leaf_accessors.c,ffc_arm9_02090270,false,test bit 31 of second argument
arm9,0x02090380,24,thumb,byte_copy_loop,behavioral_complete,src/arm9/leaf_accessors.c,ffc_arm9_02090380,false,copy byte sequence of requested length
arm9,0x0207FAD4,22,thumb,paired_fields_set,behavioral_complete,src/arm9/leaf_accessors.c,ffc_arm9_0207fad4,false,store pair at +0x54 and +0x58 or clear both
arm9,0x020581CC,24,thumb,range_nonoverlap_test,behavioral_complete,src/arm9/leaf_accessors.c,ffc_arm9_020581cc,false,test whether second start lies outside first range
arm9,0x02093B94,30,thumb,u16_sequence_compare,behavioral_complete,src/arm9/leaf_accessors.c,ffc_arm9_02093b94,false,compare u16 sequence and return first difference
arm9,0x02087C24,26,thumb,doubly_linked_remove,behavioral_complete,src/arm9/leaf_accessors.c,ffc_arm9_02087c24,false,unlink node and update head when needed
arm9,0x020877D4,32,thumb,doubly_linked_append,behavioral_complete,src/arm9/leaf_accessors.c,ffc_arm9_020877d4,false,append node and update head and tail
overlay_02,0x021AA11C,18,thumb,field_bit_test,behavioral_complete,src/overlay_02/leaf_accessors.c,ffc_ov02_021aa11c,false,test indexed bit of word +0x04
overlay_11,0x021C9818,10,thumb,field_u8_3bc_set_one,behavioral_complete,src/overlay_11/leaf_accessors.c,ffc_ov11_021c9818,false,store one at byte +0x3bc
arm9,0x020817C8,24,arm,fixed_point_multiply_round,behavioral_complete,src/arm9/leaf_accessors.c,ffc_arm9_020817c8,false,signed product plus 0x800 shifted right 12
arm9,0x0209A71C,32,arm,unsigned_u64_multiply,behavioral_complete,src/arm9/leaf_accessors.c,ffc_arm9_0209a71c,false,unsigned 64-bit product
arm9,0x02092864,18,thumb,byte_string_length,behavioral_complete,src/arm9/leaf_accessors.c,ffc_arm9_02092864,false,count bytes before zero terminator
arm9,0x02093BB4,18,thumb,u16_string_length,behavioral_complete,src/arm9/leaf_accessors.c,ffc_arm9_02093bb4,false,count halfwords before zero terminator
arm9,0x0204F7D4,22,thumb,flagged_field_select_a,behavioral_complete,src/arm9/leaf_accessors.c,ffc_arm9_0204f7d4,false,select +0x20 or +0x24 using bit 15 at +0x5c
arm9,0x0204F7EC,22,thumb,flagged_field_select_b,behavioral_complete,src/arm9/leaf_accessors.c,ffc_arm9_0204f7ec,false,opposite selection of +0x20 or +0x24 using bit 15
arm9,0x0207E890,26,thumb,eight_word_init,behavioral_complete,src/arm9/leaf_accessors.c,ffc_arm9_0207e890,false,clear eight-word object except +0x0c equals 0x2300
arm9,0x020159F8,4,thumb,absolute_pointer_020acad2,behavioral_complete,src/arm9/global_accessors.c,ffc_arm9_020159f8,true,return target address 0x020acad2 through PC literal
arm9,0x0207CAAC,4,thumb,absolute_pointer_02fffe00,behavioral_complete,src/arm9/global_accessors.c,ffc_arm9_0207caac,true,return target address 0x02fffe00 through PC literal
arm9,0x0207CAB4,4,thumb,absolute_pointer_02ffe000,behavioral_complete,src/arm9/global_accessors.c,ffc_arm9_0207cab4,true,return target address 0x02ffe000 through PC literal
arm9,0x02088A38,4,thumb,absolute_pointer_02fffc40,behavioral_complete,src/arm9/global_accessors.c,ffc_arm9_02088a38,true,return target address 0x02fffc40 through PC literal
arm9,0x0207CA98,6,thumb,absolute_word_store,behavioral_complete,src/arm9/global_accessors.c,ffc_arm9_0207ca98,true,store argument at 0x0214075c
arm9,0x0208196C,6,thumb,absolute_u16_get,behavioral_complete,src/arm9/global_accessors.c,ffc_arm9_0208196c,true,load halfword at 0x020b2944
arm9,0x02088344,6,thumb,mmio_u16_get,behavioral_complete,src/arm9/global_accessors.c,ffc_arm9_02088344,true,volatile halfword load at 0x04000100
arm9,0x02087A88,8,thumb,absolute_array_get_a,behavioral_complete,src/arm9/global_accessors.c,ffc_arm9_02087a88,true,indexed word load from 0x02fffdc4
arm9,0x02087A94,8,thumb,absolute_array_get_b,behavioral_complete,src/arm9/global_accessors.c,ffc_arm9_02087a94,true,indexed word load from 0x02fffda0
arm9,0x02087C08,8,thumb,absolute_array_set,behavioral_complete,src/arm9/global_accessors.c,ffc_arm9_02087c08,true,indexed word store to 0x02fffda0
overlay_02,0x021AAC84,8,thumb,field_u8_16a_indexed_get,behavioral_complete,src/overlay_02/leaf_accessors.c,ffc_ov02_021aac84,true,load byte at object +0x16a + index using PC literal offset
arm9,0x02051448,10,thumb,fixed_index_table_get,behavioral_complete,src/arm9/global_accessors.c,ffc_arm9_02051448,true,arithmetic shift argument by 4 then index table 0x0209f308
arm9,0x02054184,10,thumb,mmio_ime_set_one,behavioral_complete,src/arm9/global_accessors.c,ffc_arm9_02054184,true,write one to halfword 0x04000208 and return one
arm9,0x0205FB68,10,thumb,absolute_table_multiply,behavioral_complete,src/arm9/global_accessors.c,ffc_arm9_0205fb68,true,multiply argument by indexed word from 0x0209fd38
arm9,0x0208657C,10,thumb,absolute_two_word_clear,behavioral_complete,src/arm9/global_accessors.c,ffc_arm9_0208657c,true,clear words 0x02fe0548 then 0x02fe0544
arm9,0x02086B28,10,thumb,absolute_counter_increment,behavioral_complete,src/arm9/global_accessors.c,ffc_arm9_02086b28,true,increment word 0x0214150c
arm9,0x02059D54,12,thumb,strided_absolute_word_shift,behavioral_complete,src/arm9/global_accessors.c,ffc_arm9_02059d54,true,load table 0x0209f488 + index*12 then shift left 11
arm9,0x02004EB4,28,arm,mmio_low_bits_equal_one,behavioral_complete,src/arm9/global_accessors.c,ffc_arm9_02004eb4,true,test low two bits of volatile byte 0x04004000
arm9,0x02062848,14,thumb,object_type_init_a,behavioral_complete,src/arm9/global_accessors.c,ffc_arm9_02062848,true,clear low byte +0x0c and set first word to 0x020b1640
arm9,0x02054658,16,thumb,object_type_init_b,behavioral_complete,src/arm9/global_accessors.c,ffc_arm9_02054658,true,clear low byte +0x0c set first word 0x020b05e8 and argument +0x14
arm9,0x02054AF0,16,thumb,object_type_init_c,behavioral_complete,src/arm9/global_accessors.c,ffc_arm9_02054af0,true,clear low byte +0x0c set first word 0x020b05fc and argument +0x14
arm9,0x02054CF8,16,thumb,object_type_init_d,behavioral_complete,src/arm9/global_accessors.c,ffc_arm9_02054cf8,true,clear low byte +0x0c set first word 0x020b0624 and argument +0x14
arm9,0x02061314,16,thumb,object_type_init_e,behavioral_complete,src/arm9/global_accessors.c,ffc_arm9_02061314,true,set first word 0x020b1428 and clear next four words
arm9,0x0207CC74,20,thumb,absolute_state_reset,behavioral_complete,src/arm9/global_accessors.c,ffc_arm9_0207cc74,true,set sentinel and clear four words in state at 0x021407c0
arm9,0x0205FDB0,18,thumb,packed_bits_12_15_copy,behavioral_complete,src/arm9/global_accessors.c,ffc_arm9_0205fdb0,true,replace destination bits 12 through 15 from source +0x18 low nibble
arm9,0x02096BAC,18,thumb,u64_sign_clear,behavioral_complete,src/arm9/global_accessors.c,ffc_arm9_02096bac,true,clear bit 63 using PC literal mask
overlay_02,0x021AC9D8,18,thumb,absolute_table_3x_get,behavioral_complete,src/overlay_02/leaf_accessors.c,ffc_ov02_021ac9d8,true,index table 0x021d3b30 with row stride 12 and one-based column
arm9,0x0207EBD0,20,thumb,pair_from_global_and_field,behavioral_complete,src/arm9/global_accessors.c,ffc_arm9_0207ebd0,true,store global 0x021412e4 and source +0x18 into destination pair
arm9,0x02059DB8,22,thumb,packed_bit_13_and_field_set,behavioral_complete,src/arm9/global_accessors.c,ffc_arm9_02059db8,true,replace bit 13 and store argument at +0x34
arm9,0x02086AA4,44,arm,absolute_bitmap_bit_set,behavioral_complete,src/arm9/global_accessors.c,ffc_arm9_02086aa4,true,set reversed bit in bitmap at 0x02ffffb0 or +4
arm9,0x02035D34,18,thumb,object_type_init_f,behavioral_complete,src/arm9/global_accessors.c,ffc_arm9_02035d34,true,set first word 0x020ae644 and clear low nine bits of +0x04
arm9,0x02037748,16,thumb,absolute_pointer_nonzero,behavioral_complete,src/arm9/global_accessors.c,ffc_arm9_02037748,true,test word at 0x021395b4 for nonzero
arm9,0x02087620,24,thumb,four_word_clear,behavioral_complete,src/arm9/global_accessors.c,ffc_arm9_02087620,true,clear object words +0x00 through +0x0c including literal-mask sequence
arm9,0x02096AA8,28,thumb,u64_sign_copy,behavioral_complete,src/arm9/global_accessors.c,ffc_arm9_02096aa8,true,copy bit 63 from second u64 into first u64
arm9,0x020870BC,20,thumb,absolute_linked_flag_find,behavioral_complete,src/arm9/global_accessors.c,ffc_arm9_020870bc,true,find linked node whose +0x64 field equals one from root 0x02141518
arm9,0x0207DC40,26,thumb,constant_membership_test,behavioral_complete,src/arm9/global_accessors.c,ffc_arm9_0207dc40,true,test values 9 through 35 against literal mask 0x0400030f
arm9,0x0205F2F0,36,thumb,strided_packed_bits_set_a,behavioral_complete,src/arm9/leaf_accessors.c,ffc_arm9_0205f2f0,true,replace bits 10 through 11 across count records with stride 0x28
arm9,0x0205FDC8,36,thumb,strided_packed_bits_set_b,behavioral_complete,src/arm9/leaf_accessors.c,ffc_arm9_0205fdc8,true,replace bits 10 through 11 across count records with stride 8
arm9,0x020527CC,50,thumb,three_word_swap,behavioral_complete,src/arm9/leaf_accessors.c,ffc_arm9_020527cc,false,swap two 12-byte records unless addresses agree
arm9,0x020872D8,108,arm,buffer_state_init,behavioral_complete,src/arm9/leaf_accessors.c,ffc_arm9_020872d8,false,initialize 0x48-byte state from buffer and size
arm9,0x02069734,40,thumb,nested_linked_flag_find,behavioral_complete,src/arm9/leaf_accessors.c,ffc_arm9_02069734,false,follow +0x04 links until bytes +0x84 and +0x85 are both nonzero
arm9,0x02092A2C,38,thumb,byte_string_find,behavioral_complete,src/arm9/leaf_accessors.c,ffc_arm9_02092a2c,false,find low byte argument including zero terminator
arm9,0x02090410,54,thumb,byte_sequence_compare,behavioral_complete,src/arm9/leaf_accessors.c,ffc_arm9_02090410,false,lexicographically compare fixed-length byte sequences
arm9,0x02086B94,34,thumb,owner_chain_pop,behavioral_complete,src/arm9/leaf_accessors.c,ffc_arm9_02086b94,false,pop first +0x80-linked node and repair owner or terminal links
arm9,0x02035BE0,42,thumb,packed_word_default_init,behavioral_complete,src/arm9/leaf_accessors.c,ffc_arm9_02035be0,true,initialize four packed fields to combined constant 0x32190c86
arm9,0x02059B60,52,thumb,seven_argument_object_init,behavioral_complete,src/arm9/leaf_accessors.c,ffc_arm9_02059b60,true,initialize object with type pointer six arguments and two packed fields
arm9,0x0204F3CC,60,thumb,threshold_tree_walk,behavioral_complete,src/arm9/leaf_accessors.c,ffc_arm9_0204f3cc,false,walk two-link nodes by threshold and report selection flags
arm9,0x0202A9AC,64,thumb,tagged_parent_tree_advance,behavioral_complete,src/arm9/leaf_accessors.c,ffc_arm9_0202a9ac,false,advance cursor through child and tagged-parent tree links
arm9,0x02009574,24,thumb,enable_and_configure_02009574,behavioral_complete,src/arm9/nonleaf.c,ffc_arm9_02009574,false,"call 0x02009730 with one; call 0x020097B0 with one and original value"
arm9,0x0200D5D4,24,thumb,enable_and_configure_0200d5d4,behavioral_complete,src/arm9/nonleaf.c,ffc_arm9_0200d5d4,false,"call 0x0200D608 with one; call 0x0200D688 with one and original value"
arm9,0x02053D60,24,thumb,enable_and_configure_02053d60,behavioral_complete,src/arm9/nonleaf.c,ffc_arm9_02053d60,false,"call 0x02053CE0 with one; call 0x02053E28 with one and original value"
arm9,0x02065740,24,thumb,enable_and_configure_02065740,behavioral_complete,src/arm9/nonleaf.c,ffc_arm9_02065740,false,"call 0x02065A58 with one; call 0x02065AD8 with one and original value"
arm9,0x02067F84,24,thumb,enable_and_configure_02067f84,behavioral_complete,src/arm9/nonleaf.c,ffc_arm9_02067f84,false,"call 0x020681AC with one; call 0x0206822C with one and original value"
arm9,0x02069024,24,thumb,enable_and_configure_02069024,behavioral_complete,src/arm9/nonleaf.c,ffc_arm9_02069024,false,"call 0x02069058 with one; call 0x020690D8 with one and original value"
arm9,0x020161CC,34,thumb,temporary_descriptor_dispatch_020161cc,behavioral_complete,src/arm9/nonleaf.c,ffc_arm9_020161cc,true,"initialize 12-byte temporary with descriptor 0x020ACEE0; pass it to 0x020161F4; release it through 0x020059CC"
arm9,0x0201762C,34,thumb,temporary_descriptor_dispatch_0201762c,behavioral_complete,src/arm9/nonleaf.c,ffc_arm9_0201762c,true,"initialize 12-byte temporary with descriptor 0x020AD110; pass it to 0x02017654; release it through 0x020059CC"
arm9,0x02019C78,34,thumb,temporary_descriptor_dispatch_02019c78,behavioral_complete,src/arm9/nonleaf.c,ffc_arm9_02019c78,true,"initialize 12-byte temporary with descriptor 0x020AD478; pass it to 0x02019CA0; release it through 0x020059CC"
arm9,0x02058228,18,thumb,register_global_result_02058228,behavioral_complete,src/arm9/nonleaf.c,ffc_arm9_02058228,true,"call 0x020581E4; forward its result with global object 0x0213E098 to 0x02055110"
arm9,0x0205FB50,18,thumb,register_global_result_0205fb50,behavioral_complete,src/arm9/nonleaf.c,ffc_arm9_0205fb50,true,"call 0x0205FAC0; forward its result with global object 0x0213E098 to 0x02055110"
arm9,0x0208B52C,22,thumb,callback_lookup_0208b52c,behavioral_complete,src/arm9/nonleaf.c,ffc_arm9_0208b52c,true,"call 0x0208B4F4 with callback 0x0208B221 and stack result; return nonzero status directly or call 0x0208B1CC and return stack result"
arm9,0x0208B5A4,22,thumb,callback_lookup_0208b5a4,behavioral_complete,src/arm9/nonleaf.c,ffc_arm9_0208b5a4,true,"call 0x0208B548 with callback 0x0208B221 and stack result; return nonzero status directly or call 0x0208B1CC and return stack result"
arm9,0x02056B10,30,thumb,allocate_owned_object_02056b10,behavioral_complete,src/arm9/nonleaf.c,ffc_arm9_02056b10,true,"allocate 0x18 bytes through 0x0205681C; clear low byte of +0x0C; set type 0x020B0B40 and owner +0x14"
arm9,0x02062A30,30,thumb,allocate_owned_object_02062a30,behavioral_complete,src/arm9/nonleaf.c,ffc_arm9_02062a30,true,"allocate 0x18 bytes through 0x0205681C; clear low byte of +0x0C; set type 0x020B1588 and owner +0x14"
arm9,0x02005D8C,32,thumb,capture_converted_pair_02005d8c,behavioral_complete,src/arm9/nonleaf.c,ffc_arm9_02005d8c,false,"pass result of 0x0208823C to 0x020882CC; store returned pair at +0x88/+0x8C and set byte +0x84"
arm9,0x02005D3C,44,thumb,initialize_state_02005d3c,behavioral_complete,src/arm9/nonleaf.c,ffc_arm9_02005d3c,true,"call 0x02056C9C with zero; install type 0x020A7E94; clear +0x80 byte +0x84 +0x88 and +0x8C; return object"
arm9,0x02009928,42,thumb,release_with_callback_02009928,behavioral_complete,src/arm9/nonleaf.c,ffc_arm9_02009928,false,"when word +0 is nonzero call 0x02009954 with word +4 zero and a zero byte result pointer; release word +0; return object"
arm9,0x020659F8,42,thumb,release_with_callback_020659f8,behavioral_complete,src/arm9/nonleaf.c,ffc_arm9_020659f8,false,"when word +0 is nonzero call 0x02065BDC with word +4 zero and a zero byte result pointer; release word +0; return object"
arm9,0x02065CA4,42,thumb,release_with_callback_02065ca4,behavioral_complete,src/arm9/nonleaf.c,ffc_arm9_02065ca4,false,"when word +0 is nonzero call 0x02065CD0 with word +4 zero and a zero byte result pointer; release word +0; return object"
arm9,0x02005F1C,30,thumb,dispatch_packed_value_02005f1c,behavioral_complete,src/arm9/nonleaf.c,ffc_arm9_02005f1c,false,"select bits 1 through 7 or word +4 according to bit zero; call 0x02005F3C as the third argument with a leading zero"
arm9,0x0201A3A0,30,thumb,dispatch_packed_value_0201a3a0,behavioral_complete,src/arm9/nonleaf.c,ffc_arm9_0201a3a0,false,"select bits 1 through 7 or word +4 according to bit zero; call 0x02005F3C as the second argument with a trailing zero"
arm9,0x02008F2C,10,thumb,call_with_ignored_byte_value_02008f2c,behavioral_complete,src/arm9/nonleaf.c,ffc_arm9_02008f2c,false,"spill one-byte value argument and return result of 0x0200960C on object"
arm9,0x0205323C,34,thumb,temporary_result_store_0205323c,behavioral_complete,src/arm9/nonleaf.c,ffc_arm9_0205323c,false,"initialize 12-byte temporary through 0x020095B8; store 0x020529AC result at +0; release temporary; return object"
arm9,0x02035FD0,32,thumb,initialize_subobjects_02035fd0,behavioral_complete,src/arm9/nonleaf.c,ffc_arm9_02035fd0,true,"initialize +0x24; initialize four eight-byte records at +4 with 0x02035D6D; call 0x02035C18; return object"
arm9,0x0208F42C,22,thumb,set_global_mode_0208f42c,behavioral_complete,src/arm9/nonleaf.c,ffc_arm9_0208f42c,true,"call 0x020927BC with one; store one at global 0x021446DC; return 0x0208F4B8 of one"
arm9,0x02062884,20,thumb,virtual_pair_result_02062884,behavioral_complete,src/arm9/nonleaf.c,ffc_arm9_02062884,false,"call virtual function at table +0x18 with an eight-byte stack result and object; return first result word"
arm9,0x020867DC,24,thumb,retry_shifted_value_020867dc,behavioral_complete,src/arm9/nonleaf.c,ffc_arm9_020867dc,false,"repeatedly call 0x02089218 with 12 value shifted by eight and zero until it returns zero"
arm9,0x0206C184,22,thumb,masked_conversion_high_0206c184,behavioral_complete,src/arm9/interworking/nonleaf.c,ffc_arm9_0206c184,true,"mask 0x0206C090 result with 0x7FFFFFFF; call ARM 0x0209A978 with second argument; return high word"
arm9,0x02056BC0,50,thumb,intrusive_tail_insert_02056bc0,behavioral_complete,src/arm9/nonleaf.c,ffc_arm9_02056bc0,false,"optionally guard object +0x1C; append node through tail cursor at +0x18; advance cursor to node +4 and clear link"
arm9,0x0201506C,38,thumb,guarded_owned_value_init_0201506c,behavioral_complete,src/arm9/nonleaf.c,ffc_arm9_0201506c,false,"copy owned pointer and value; clear flag; retain nonnull object; conditionally notify with stored value"
arm9,0x02064390,22,thumb,virtual_word_pair_wrapper_02064390,behavioral_complete,src/arm9/nonleaf.c,ffc_arm9_02064390,false,"forward object and two-word by-value argument through virtual slot +0x0C"
arm9,0x0206687C,22,thumb,virtual_word_pair_wrapper_0206687c,behavioral_complete,src/arm9/nonleaf.c,ffc_arm9_0206687c,false,"forward object and two-word by-value argument through virtual slot +0x0C"
arm9,0x02005EFC,30,thumb,variadic_list_pointer_forwarder_02005efc,behavioral_complete,src/arm9/variadic/nonleaf.c,ffc_arm9_02005efc,false,"construct a variadic argument cursor after the first word and forward its address to 0x02005E88"
arm9,0x02086AD4,26,thumb,variadic_list_forwarder_02086ad4,behavioral_complete,src/arm9/variadic/nonleaf.c,ffc_arm9_02086ad4,false,"construct a variadic argument cursor after the first word and forward it to 0x02086AF0"
overlay_02,0x021D2B7C,30,thumb,bounds_checked_eight_byte_entry_021d2b7c,behavioral_complete,src/overlay_02/nonleaf.c,ffc_ov02_021d2b7c,true,"if index is outside count at +4 report literal 0x021D78C4 and abort; return base at +0 plus index times eight"
arm9,0x02091B10,30,thumb,variadic_negative_selector_forwarder_02091b10,behavioral_complete,src/arm9/variadic/nonleaf.c,ffc_arm9_02091b10,false,"construct variadic cursor after first word and forward object, selector -1, first word, and cursor to 0x02091AD4"
arm9,0x02087260,22,thumb,swap_global_under_guard_02087260,behavioral_complete,src/arm9/interworking/nonleaf.c,ffc_arm9_02087260,true,"save token from ARM 0x02088978; replace global 0x0214151C; pass token to ARM 0x0208898C; return prior value"
overlay_02,0x021ACFF4,20,thumb,index_at_least_limit_021acff4,behavioral_complete,src/overlay_02/nonleaf.c,ffc_ov02_021acff4,false,"call 0x021ACF84 and return whether original index is greater than or equal to the result"
arm9,0x020870A0,26,thumb,set_guarded_active_020870a0,behavioral_complete,src/arm9/interworking/nonleaf.c,ffc_arm9_020870a0,false,"save token from ARM 0x02088978; set word +0x64 to one; call 0x02086C78 with one; restore token through ARM 0x0208898C"
overlay_02,0x021AC8D8,26,thumb,combine_nested_results_021ac8d8,behavioral_complete,src/overlay_02/nonleaf.c,ffc_ov02_021ac8d8,false,"call 0x021AAB58 on both arguments and pass both results to 0x021AC9F0"
arm9,0x020528D0,24,thumb,allocate_global_pair_020528d0,behavioral_complete,src/arm9/nonleaf.c,ffc_arm9_020528d0,true,"allocate two 0x2004-byte values through 0x02056830 and store them at global 0x0213DFE0 and 0x0213DFE4"
arm9,0x0205FA1C,26,thumb,register_five_argument_result_0205fa1c,behavioral_complete,src/arm9/nonleaf.c,ffc_arm9_0205fa1c,true,"forward five arguments to 0x0205F960 and register the result through global object 0x0213E098 at 0x02055110"
arm9,0x0207DA90,26,thumb,initialize_global_callback_state_0207da90,behavioral_complete,src/arm9/nonleaf.c,ffc_arm9_0207da90,true,"call 0x020890F8; clear global words 0 and 4; register callback 0x0207DAB5 with value 14; clear global word 8"
arm9,0x02030F9C,28,thumb,forward_derived_fourth_02030f9c,behavioral_complete,src/arm9/nonleaf.c,ffc_arm9_02030f9c,false,"derive fourth argument by calling 0x02092864 on second argument; forward all four to 0x02030F24"
arm9,0x020356D8,28,thumb,dispatch_literal_and_indexed_020356d8,behavioral_complete,src/arm9/nonleaf.c,ffc_arm9_020356d8,true,"call 0x0201A3A0 with literal 0x020AE60C then with word selected from table 0x020AE5B8 by index"
arm9,0x020358C8,38,thumb,initialize_and_clear_table_020358c8,behavioral_complete,src/arm9/nonleaf.c,ffc_arm9_020358c8,true,"install type 0x020AE478 and clear three object words; call 0x020358F8; clear 21 words at 0x02139508; return object"
overlay_11,0x021C9418,34,thumb,initialize_nested_owned_value_021c9418,behavioral_complete,src/overlay_11/nonleaf.c,ffc_ov11_021c9418,false,"call 0x0219CFB4 on pointer +0x344; allocate through 0x02056B10 using nested +0x14; pass result to 0x02056BC0 on object +0x14"
arm9,0x02069288,28,thumb,initialize_once_virtual_call_02069288,behavioral_complete,src/arm9/nonleaf.c,ffc_arm9_02069288,false,"if byte +0x84 is zero set it to one and invoke virtual method at table +0x20"
arm9,0x02084800,28,thumb,initialize_four_indices_02084800,behavioral_complete,src/arm9/nonleaf.c,ffc_arm9_02084800,false,"call 0x020847B0 in order with indices zero through three"
overlay_02,0x021AAB20,30,thumb,two_stage_predicate_021aab20,behavioral_complete,src/overlay_02/nonleaf.c,ffc_ov02_021aab20,false,"return one only when 0x021AAAB0 succeeds and 0x021AAB40 returns five"
overlay_02,0x021AAFFC,32,thumb,nested_state_predicate_021aaffc,behavioral_complete,src/overlay_02/nonleaf.c,ffc_ov02_021aaffc,false,"return one only when 0x021AAB40 returns 16 and 0x021A18BC on object +0xBC returns one"
arm9,0x0204F474,26,thumb,allocate_initialize_publish_0204f474,behavioral_complete,src/arm9/nonleaf.c,ffc_arm9_0204f474,true,"allocate 0x98 bytes through 0x0205681C; initialize nonnull result through 0x0204F494; publish at global base 0x0213DF10 +8; pass result to 0x0204F300"
arm9,0x020578C0,26,thumb,initialize_type_and_state_020578c0,behavioral_complete,src/arm9/nonleaf.c,ffc_arm9_020578c0,true,"call 0x020548B4 with the incoming second argument and trailing zero; clear byte +0x1D; install words 0x020B0CA4 and 0x020B0CB8 at +0 and +0x14; return object"
arm9,0x0207FE54,24,thumb,initialize_global_once_0207fe54,behavioral_complete,src/arm9/nonleaf.c,ffc_arm9_0207fe54,true,"when global 0x02141364 is zero set it to one; pass the result of 0x0207FD30 to 0x0207EB4C"
arm9,0x0208B6E4,24,thumb,poll_command_until_zero_0208b6e4,behavioral_complete,src/arm9/nonleaf.c,ffc_arm9_0208b6e4,false,"repeatedly call 0x02089218 with command eight incoming value and zero until it returns zero"
arm9,0x0208BBD0,20,thumb,invoke_callback_list_0208bbd0,behavioral_complete,src/arm9/nonleaf.c,ffc_arm9_0208bbd0,false,"walk nodes through +0x0C and invoke callback +0 with argument +4"
arm9,0x02035E10,24,thumb,reset_type_and_high_flags_02035e10,behavioral_complete,src/arm9/nonleaf.c,ffc_arm9_02035e10,true,"call 0x02035D7C; install address 0x020AE654 at +0; clear the low ten bits of word +8; return object"
arm9,0x020548B4,36,thumb,initialize_nested_type_020548b4,behavioral_complete,src/arm9/nonleaf.c,ffc_arm9_020548b4,true,"install address 0x020AADD0; clear low byte at +0x0C; initialize +0x14 through 0x02054680; install addresses 0x020B0660 and 0x020B0674; return object"
arm9,0x0209CC90,22,thumb,invoke_callback_table_0209cc90,behavioral_complete,src/arm9/nonleaf.c,ffc_arm9_0209cc90,true,"walk the callback table at 0x020A7B3C until a null callback and invoke each entry"
overlay_02,0x021AAF9C,34,thumb,indexed_or_fallback_dispatch_021aaf9c,behavioral_complete,src/overlay_02/nonleaf.c,ffc_ov02_021aaf9c,false,"if index is below the count from 0x021ACF84 call 0x021AD008 with trailing zero; otherwise call 0x021AD084"
arm9,0x020363D8,32,thumb,nested_entry_halfword_predicate_020363d8,behavioral_complete,src/arm9/nonleaf.c,ffc_arm9_020363d8,false,"return zero when low byte of word +0x58 is zero; otherwise call 0x020363BC and return whether halfword +0x38 of its result is nonzero"
arm9,0x02053260,26,thumb,variadic_pair_initialize_02053260,behavioral_complete,src/arm9/variadic/nonleaf.c,ffc_arm9_02053260,false,"treat the first two variadic words as arguments to 0x020529E4; store its result through the incoming object pointer and return that object"
arm9,0x020886BC,30,thumb,append_global_intrusive_node_020886bc,behavioral_complete,src/arm9/nonleaf.c,ffc_arm9_020886bc,true,"append node to the intrusive list rooted at 0x02141874 using previous +0x14 and next +0x18 links; when inserting the first node publish the head and call 0x020887CC"
arm9,0x0201F36C,78,thumb,copy_sparse_record_0201f36c,behavioral_complete,src/arm9/leaf_accessors.c,ffc_arm9_0201f36c,false,"select a 0x60-byte record from the table at object +0x58 and copy its defined word and halfword-array members while leaving padding untouched"
arm9,0x0201F460,78,thumb,copy_sparse_record_0201f460,behavioral_complete,src/arm9/leaf_accessors.c,ffc_arm9_0201f460,false,"select a 0x60-byte record from the table at object +0x5C and copy its defined word and halfword-array members while leaving padding untouched"
arm9,0x0207E96C,34,thumb,prepare_four_word_call_context_0207e96c,behavioral_complete,src/arm9/nonleaf.c,ffc_arm9_0207e96c,false,"store the incoming second word at object +8; point object +0x10 at a local four-word context containing fifth third fourth and zero; call 0x0207E0F4 with selectors seven and one"
arm9,0x0207E990,48,thumb,prepare_optional_two_word_call_context_0207e990,behavioral_complete,src/arm9/variadic/nonleaf.c,ffc_arm9_0207e990,false,"treat arguments after object as a variadic word list; return zero when its first word is zero, otherwise store that word at object +8, point object +0x10 at a local pair containing the second word and zero, and call 0x0207E0F4 with selectors six and one"
arm9,0x02032DD0,86,thumb,initialize_embedded_state_02032dd0,behavioral_complete,src/arm9/variadic/nonleaf.c,ffc_arm9_02032dd0,false,"store six named variadic arguments into fields +0x84 +0x88 +0x8C and +0x9C; initialize the +0x90 subobject through 0x02005F1C; clear words +0xA0 +0xA8 +0xAC and set bytes +0xA4 and +0xA5 to one"
arm9,0x020617F4,38,thumb,initialize_state_020617f4,behavioral_complete,src/arm9/nonleaf.c,ffc_arm9_020617f4,true,"initialize the base through 0x02061314; install type address 0x020B13F0; clear words +0x18 through +0x28; set words +0x2C and +0x30 to 0x7FFFFFFF; return object"
arm9,0x0205DB7C,36,thumb,extract_shifted_mar_pair_0205db7c,behavioral_complete,src/arm9/nonleaf.c,ffc_arm9_0205db7c,false,"look up the descriptor +4 MAR and +8 index twice through 0x02052D90; arithmetic-shift the returned entry words +0x10 and +0x14 by three into output words zero and one"
arm9,0x0207E5D0,42,thumb,configure_call_context_0207e5d0,behavioral_complete,src/arm9/nonleaf.c,ffc_arm9_0207e5d0,false,"store arguments at object +0x20 and +0x24; initialize a 72-byte local context through 0x0207E890; attach object at context +8 and submit selector 0x11 through 0x0207DD08; set object flag bit one and return one"
arm9,0x020692A4,58,thumb,conditional_virtual_cleanup_020692a4,behavioral_complete,src/arm9/nonleaf.c,ffc_arm9_020692a4,false,"when byte +0x84 is set clear it and call virtual method +0x20 with zero; when byte +0x85 is then set clear it and call virtual method +0x1C with zero"
arm9,0x02069210,72,thumb,initialize_state_02069210,behavioral_complete,src/arm9/nonleaf.c,ffc_arm9_02069210,true,"call 0x02056C9C with zero; install type address 0x020B1AEC; clear word +0x80 bytes +0x85 through +0x88 and word +0x8C; set byte +0x84 to one and word +0x90 to minus one; return object"
arm9,0x0205FFAC,36,thumb,allocate_shifted_span_0205ffac,behavioral_complete,src/arm9/nonleaf.c,ffc_arm9_0205ffac,false,"call 0x02057DF8 with the second argument shifted left five third argument constant four and three zero stack arguments; store the word +4 distance from the original object shifted right five at result +0x10; return result"
arm9,0x020487A0,46,thumb,erase_word_at_position_020487a0,behavioral_complete,src/arm9/nonleaf.c,ffc_arm9_020487a0,false,"move the remaining four-byte elements down through 0x02090398; decrement the container count at +4 and return the erased position"
arm9,0x0208B4A4,40,thumb,submit_two_tagged_words_0208b4a4,behavioral_complete,src/arm9/nonleaf.c,ffc_arm9_0208b4a4,true,"combine the low byte of the first argument with 0x02006100 and the low halfword of the second with 0x01010000; submit the two-word array and remaining arguments to 0x0208B38C"
arm9,0x02057148,68,thumb,initialize_bounded_state_02057148,behavioral_complete,src/arm9/nonleaf.c,ffc_arm9_02057148,true,"clear and initialize state fields; call 0x0208F694 on the difference between the second and third arguments with zero and minus-one sentinels; store result plus one and select minus one or one from the signed bound comparison"
