image,address,state,name,confidence,evidence
arm9,0x02004800,arm,entry,header,ROM header entry point
arm9,0x02015E8C,thumb,btl_adjust_accessor,confirmed,v8 executable trace
arm9,0x02016074,thumb,generic_ai_loader,confirmed,v8 executable trace
arm9,0x020161CC,thumb,ai_pattern_loader,confirmed,v8 executable trace
arm9,0x02017B58,thumb,battle_parameter_loader,confirmed,v9 format-string xref
arm9,0x02045A3C,thumb,battle_side_setup,confirmed_prologue,push and stack-frame prologue preceding v34 target region
arm9,0x02052D90,thumb,mar_entry_accessor,confirmed,v9 executable trace; four-instruction leaf recovered in src/arm9/mar.c
overlay_02,0x021CB870,thumb,relation_score_wrapper,confirmed,v8 executable trace
overlay_02,0x021959C0,thumb,battle_state_constructor,confirmed,direct call from ARM9 battle_side_setup at 0x020463AE
overlay_02,0x021CD96C,thumb,criterion_scorer_142,confirmed,executable semantics update
overlay_02,0x021CDD0C,thumb,pattern_scorer_60,confirmed,v8 executable trace
overlay_02,0x021CE544,thumb,pattern_score_wrapper,confirmed,v8 executable trace
overlay_11,0x021C7278,thumb,battle_parameter_setup,probable_prologue,nearest viable push prologue whose body contains v9 loader region
