image,address,ownership,blocker,evidence,status
arm9,0x0205681C,sdk_or_runtime_boundary,pending_sdk_runtime_ownership,allocator wrapper is shared broadly and its SDK/runtime owner is unresolved,active
arm9,0x02056830,sdk_or_runtime_boundary,pending_sdk_runtime_ownership,allocator wrapper is shared broadly and its SDK/runtime owner is unresolved,active
arm9,0x02056844,sdk_or_runtime_boundary,pending_sdk_runtime_ownership,release wrapper is shared broadly and its SDK/runtime owner is unresolved,active
arm9,0x02056858,sdk_or_runtime_boundary,pending_sdk_runtime_ownership,release wrapper is shared broadly and its SDK/runtime owner is unresolved,active
arm9,0x0209A978,sdk_or_runtime_boundary,compiler_runtime_arithmetic,call-free ARM normalized unsigned division routine matches compiler-runtime structure,active
arm9,0x02004A00,sdk_or_runtime_boundary,sdk_word_fill_primitive,ARM loop fills a byte-counted word span and is called from startup/system regions,active
arm9,0x020849E0,sdk_or_runtime_boundary,sdk_word_fill_primitive,ARM loop fills a word-counted span and has generic system-call usage,active
arm9,0x020889F4,sdk_or_runtime_boundary,display_interrupt_control,reads display-status MMIO at 0x04000004 and dispatches processor-mode primitive,active
arm9,0x020849C4,sdk_or_runtime_boundary,sdk_halfword_copy_primitive,call-free ARM loop copies a halfword-counted span and is adjacent to established fill/copy primitives,active
arm9,0x020849F4,sdk_or_runtime_boundary,sdk_word_copy_primitive,call-free ARM loop copies a word-counted span and is adjacent to established fill/copy primitives,active
arm9,0x02084A0C,sdk_or_runtime_boundary,sdk_aligned_copy_primitive,ARM copy routine selects alignment and tail paths inside the established memory primitive cluster,active
arm9,0x02084A58,sdk_or_runtime_boundary,sdk_unrolled_copy_primitive,call-free ARM routine uses eight-register block transfers and word tails inside the established memory primitive cluster,active
arm9,0x02087874,sdk_or_runtime_boundary,sdk_data_cache_range_primitive,ARM loop issues CP15 c7 c6 operation for each aligned cache line,active
arm9,0x020878E8,sdk_or_runtime_boundary,sdk_instruction_cache_range_primitive,ARM loop issues CP15 c7 c5 operation for each aligned cache line,active
arm9,0x020878AC,sdk_or_runtime_boundary,sdk_data_cache_flush_range_primitive,ARM loop issues CP15 c7 c14 clean-and-invalidate operation for each aligned cache line,active
arm9,0x0209A980,sdk_or_runtime_boundary,compiler_runtime_unsigned_division,ARM quotient-remainder routine uses normalized long division and computed-PC dispatch adjacent to an existing compiler-runtime arithmetic hold,active
arm9,0x0209A2E0,sdk_or_runtime_boundary,compiler_runtime_numeric_comparison,ARM helper normalizes signed operands and explicitly rewrites APSR condition flags; it is compiler-generated runtime behavior rather than game logic,active
arm9,0x020355D8,boundary_unresolved,jump_table_cfg_incomplete,decoded dispatcher branches through a 16-entry table but ranked instruction bytes omit case bodies through 0x02035674,active
arm9,0x0201C9AC,boundary_unresolved,jump_table_cfg_incomplete,decoded dispatcher branches through an 89-entry table but ranked instruction bytes omit case bodies through 0x0201CDD4,active
