image,address,argument_count,return_kind,confidence,reason,evidence_addresses
arm9,0x02004EB4,0,value_in_r0_or_abi_return,confirmed,derived from behaviorally reviewed canonical definition src/arm9/global_accessors.c:36; compiler output is byte-exact,0x02004EB4
arm9,0x020059CC,1,value_in_r0_or_abi_return,confirmed,derived from behaviorally reviewed canonical definition src/arm9/nonleaf.c:289; compiler output is byte-exact,0x020059CC
arm9,0x02005D3C,1,value_in_r0_or_abi_return,confirmed,derived from behaviorally reviewed canonical definition src/arm9/nonleaf.c:667; compiler output is byte-exact,0x02005D3C
arm9,0x02005D8C,1,void,confirmed,derived from behaviorally reviewed canonical definition src/arm9/nonleaf.c:660; compiler output is byte-exact,0x02005D8C
arm9,0x02005DAC,1,void,confirmed,derived from behaviorally reviewed canonical definition src/arm9/leaf_accessors.c:75; compiler output is byte-exact,0x02005DAC
arm9,0x02005DB4,2,void,confirmed,derived from behaviorally reviewed canonical definition src/arm9/leaf_accessors.c:76; compiler output is byte-exact,0x02005DB4
arm9,0x02005EFC,3,value_in_r0_or_abi_return,confirmed,derived from behaviorally reviewed canonical definition src/arm9/variadic/nonleaf.c:21; compiler output is byte-exact,0x02005EFC
arm9,0x02005F1C,2,value_in_r0_or_abi_return,reviewed,derived from behaviorally reviewed canonical definition src/arm9/nonleaf.c:704; function remains explicitly behavior-only,0x02005F1C
arm9,0x02008F2C,2,value_in_r0_or_abi_return,reviewed,derived from behaviorally reviewed canonical definition src/arm9/nonleaf.c:724; function remains explicitly behavior-only,0x02008F2C
arm9,0x02009574,2,void,confirmed,derived from behaviorally reviewed canonical definition src/arm9/nonleaf.c:561; compiler output is byte-exact,0x02009574
arm9,0x020098E0,0,value_in_r0_or_abi_return,confirmed,derived from behaviorally reviewed canonical definition src/arm9/nonleaf.c:556; compiler output is byte-exact,0x020098E0
arm9,0x02009928,1,value_in_r0_or_abi_return,reviewed,derived from behaviorally reviewed canonical definition src/arm9/nonleaf.c:677; function remains explicitly behavior-only,0x02009928
arm9,0x0200A678,1,value_in_r0_or_abi_return,confirmed,derived from behaviorally reviewed canonical definition src/arm9/nonleaf.c:296; compiler output is byte-exact,0x0200A678
arm9,0x0200D5D4,2,void,confirmed,derived from behaviorally reviewed canonical definition src/arm9/nonleaf.c:566; compiler output is byte-exact,0x0200D5D4
arm9,0x0200D750,1,value_in_r0_or_abi_return,confirmed,derived from behaviorally reviewed canonical definition src/arm9/nonleaf.c:182; compiler output is byte-exact,0x0200D750
arm9,0x0200D794,1,value_in_r0_or_abi_return,reviewed,derived from behaviorally reviewed canonical definition src/arm9/nonleaf.c:382; function remains explicitly behavior-only,0x0200D794
arm9,0x0201506C,3,void,confirmed,derived from behaviorally reviewed canonical definition src/arm9/nonleaf.c:822; compiler output is byte-exact,0x0201506C
arm9,0x020159F8,0,value_in_r0_or_abi_return,confirmed,derived from behaviorally reviewed canonical definition src/arm9/global_accessors.c:7; compiler output is byte-exact,0x020159F8
arm9,0x02015A38,0,value_in_r0_or_abi_return,confirmed,derived from behaviorally reviewed canonical definition src/arm9/nonleaf.c:315; compiler output is byte-exact,0x02015A38
arm9,0x02015BA4,2,value_in_r0_or_abi_return,confirmed,derived from behaviorally reviewed canonical definition src/arm9/nonleaf.c:475; compiler output is byte-exact,0x02015BA4
arm9,0x02015C98,2,value_in_r0_or_abi_return,confirmed,derived from behaviorally reviewed canonical definition src/arm9/nonleaf.c:487; compiler output is byte-exact,0x02015C98
arm9,0x020161CC,1,void,confirmed,derived from behaviorally reviewed canonical definition src/arm9/nonleaf.c:591; compiler output is byte-exact,0x020161CC
arm9,0x0201762C,1,void,confirmed,derived from behaviorally reviewed canonical definition src/arm9/nonleaf.c:598; compiler output is byte-exact,0x0201762C
arm9,0x02017714,2,value_in_r0_or_abi_return,confirmed,derived from behaviorally reviewed canonical definition src/arm9/nonleaf.c:499; compiler output is byte-exact,0x02017714
arm9,0x02019C78,1,void,confirmed,derived from behaviorally reviewed canonical definition src/arm9/nonleaf.c:605; compiler output is byte-exact,0x02019C78
arm9,0x0201A3A0,2,value_in_r0_or_abi_return,reviewed,derived from behaviorally reviewed canonical definition src/arm9/nonleaf.c:714; function remains explicitly behavior-only,0x0201A3A0
arm9,0x0201B924,1,value_in_r0_or_abi_return,reviewed,derived from behaviorally reviewed canonical definition src/arm9/leaf_accessors.c:77; function remains explicitly behavior-only,0x0201B924
arm9,0x0201BC54,3,value_in_r0_or_abi_return,reviewed,derived from behaviorally reviewed canonical definition src/arm9/leaf_accessors.c:81; function remains explicitly behavior-only,0x0201BC54
arm9,0x0201E920,1,value_in_r0_or_abi_return,confirmed,derived from behaviorally reviewed canonical definition src/arm9/leaf_accessors.c:84; compiler output is byte-exact,0x0201E920
arm9,0x0201E9A8,1,value_in_r0_or_abi_return,confirmed,derived from behaviorally reviewed canonical definition src/arm9/nonleaf.c:355; compiler output is byte-exact,0x0201E9A8
arm9,0x0201F36C,3,void,reviewed,derived from behaviorally reviewed canonical definition src/arm9/leaf_accessors.c:399; function remains explicitly behavior-only,0x0201F36C
arm9,0x0201F460,3,void,reviewed,derived from behaviorally reviewed canonical definition src/arm9/leaf_accessors.c:424; function remains explicitly behavior-only,0x0201F460
arm9,0x0202A9AC,1,void,reviewed,derived from behaviorally reviewed canonical definition src/arm9/leaf_accessors.c:378; function remains explicitly behavior-only,0x0202A9AC
arm9,0x02030F9C,3,value_in_r0_or_abi_return,confirmed,derived from behaviorally reviewed canonical definition src/arm9/nonleaf.c:785; compiler output is byte-exact,0x02030F9C
arm9,0x020356D8,2,value_in_r0_or_abi_return,reviewed,derived from behaviorally reviewed canonical definition src/arm9/nonleaf.c:789; function remains explicitly behavior-only,0x020356D8
arm9,0x020358C8,1,value_in_r0_or_abi_return,reviewed,derived from behaviorally reviewed canonical definition src/arm9/nonleaf.c:795; function remains explicitly behavior-only,0x020358C8
arm9,0x02035BE0,1,void,reviewed,derived from behaviorally reviewed canonical definition src/arm9/leaf_accessors.c:343; function remains explicitly behavior-only,0x02035BE0
arm9,0x02035C18,0,void,confirmed,derived from behaviorally reviewed canonical definition src/arm9/leaf_accessors.c:26; compiler output is byte-exact,0x02035C18
arm9,0x02035C3C,2,void,confirmed,derived from behaviorally reviewed canonical definition src/arm9/leaf_accessors.c:88; compiler output is byte-exact,0x02035C3C
arm9,0x02035C4C,2,void,confirmed,derived from behaviorally reviewed canonical definition src/arm9/leaf_accessors.c:91; compiler output is byte-exact,0x02035C4C
arm9,0x02035C60,2,void,confirmed,derived from behaviorally reviewed canonical definition src/arm9/leaf_accessors.c:94; compiler output is byte-exact,0x02035C60
arm9,0x02035C74,2,void,confirmed,derived from behaviorally reviewed canonical definition src/arm9/leaf_accessors.c:97; compiler output is byte-exact,0x02035C74
arm9,0x02035D34,1,void,reviewed,derived from behaviorally reviewed canonical definition src/arm9/global_accessors.c:94; function remains explicitly behavior-only,0x02035D34
arm9,0x02035D7C,1,void,confirmed,derived from behaviorally reviewed canonical definition src/arm9/leaf_accessors.c:27; compiler output is byte-exact,0x02035D7C
arm9,0x02035DAC,1,value_in_r0_or_abi_return,confirmed,derived from behaviorally reviewed canonical definition src/arm9/leaf_accessors.c:100; compiler output is byte-exact,0x02035DAC
arm9,0x02035DBC,2,void,confirmed,derived from behaviorally reviewed canonical definition src/arm9/leaf_accessors.c:101; compiler output is byte-exact,0x02035DBC
arm9,0x02035DCC,2,void,reviewed,derived from behaviorally reviewed canonical definition src/arm9/leaf_accessors.c:163; function remains explicitly behavior-only,0x02035DCC
arm9,0x02035E10,1,value_in_r0_or_abi_return,confirmed,derived from behaviorally reviewed canonical definition src/arm9/nonleaf.c:923; compiler output is byte-exact,0x02035E10
arm9,0x02035E30,1,value_in_r0_or_abi_return,confirmed,derived from behaviorally reviewed canonical definition src/arm9/nonleaf.c:163; compiler output is byte-exact,0x02035E30
arm9,0x02035EB0,1,value_in_r0_or_abi_return,reviewed,derived from behaviorally reviewed canonical definition src/arm9/leaf_accessors.c:104; function remains explicitly behavior-only,0x02035EB0
arm9,0x02035EB8,1,value_in_r0_or_abi_return,confirmed,derived from behaviorally reviewed canonical definition src/arm9/nonleaf.c:435; compiler output is byte-exact,0x02035EB8
arm9,0x02035ED8,1,value_in_r0_or_abi_return,confirmed,derived from behaviorally reviewed canonical definition src/arm9/nonleaf.c:443; compiler output is byte-exact,0x02035ED8
arm9,0x02035F44,2,void,confirmed,derived from behaviorally reviewed canonical definition src/arm9/leaf_accessors.c:105; compiler output is byte-exact,0x02035F44
arm9,0x02035FD0,1,value_in_r0_or_abi_return,confirmed,derived from behaviorally reviewed canonical definition src/arm9/nonleaf.c:737; compiler output is byte-exact,0x02035FD0
arm9,0x02035FF4,1,value_in_r0_or_abi_return,confirmed,derived from behaviorally reviewed canonical definition src/arm9/nonleaf.c:278; compiler output is byte-exact,0x02035FF4
arm9,0x02036134,1,value_in_r0_or_abi_return,confirmed,derived from behaviorally reviewed canonical definition src/arm9/nonleaf.c:510; compiler output is byte-exact,0x02036134
arm9,0x02036344,1,value_in_r0_or_abi_return,reviewed,derived from behaviorally reviewed canonical definition src/arm9/leaf_accessors.c:108; function remains explicitly behavior-only,0x02036344
arm9,0x02036360,1,value_in_r0_or_abi_return,confirmed,derived from behaviorally reviewed canonical definition src/arm9/leaf_accessors.c:109; compiler output is byte-exact,0x02036360
arm9,0x02036380,1,value_in_r0_or_abi_return,confirmed,derived from behaviorally reviewed canonical definition src/arm9/leaf_accessors.c:33; compiler output is byte-exact,0x02036380
arm9,0x020363A4,1,value_in_r0_or_abi_return,reviewed,derived from behaviorally reviewed canonical definition src/arm9/leaf_accessors.c:110; function remains explicitly behavior-only,0x020363A4
arm9,0x020363BC,1,value_in_r0_or_abi_return,confirmed,derived from behaviorally reviewed canonical definition src/arm9/nonleaf.c:422; compiler output is byte-exact,0x020363BC
arm9,0x020363D8,1,value_in_r0_or_abi_return,confirmed,derived from behaviorally reviewed canonical definition src/arm9/nonleaf.c:428; compiler output is byte-exact,0x020363D8
arm9,0x02036438,2,void,confirmed,derived from behaviorally reviewed canonical definition src/arm9/leaf_accessors.c:111; compiler output is byte-exact,0x02036438
arm9,0x0203645C,2,void,confirmed,derived from behaviorally reviewed canonical definition src/arm9/leaf_accessors.c:46; compiler output is byte-exact,0x0203645C
arm9,0x02036460,2,void,confirmed,derived from behaviorally reviewed canonical definition src/arm9/leaf_accessors.c:47; compiler output is byte-exact,0x02036460
arm9,0x020366D4,1,value_in_r0_or_abi_return,confirmed,derived from behaviorally reviewed canonical definition src/arm9/nonleaf.c:268; compiler output is byte-exact,0x020366D4
arm9,0x020367A8,0,void,confirmed,derived from behaviorally reviewed canonical definition src/arm9/leaf_accessors.c:28; compiler output is byte-exact,0x020367A8
arm9,0x020367B8,1,value_in_r0_or_abi_return,confirmed,derived from behaviorally reviewed canonical definition src/arm9/leaf_accessors.c:34; compiler output is byte-exact,0x020367B8
arm9,0x02036820,2,value_in_r0_or_abi_return,reviewed,derived from behaviorally reviewed canonical definition src/arm9/leaf_accessors.c:185; function remains explicitly behavior-only,0x02036820
arm9,0x02036838,1,value_in_r0_or_abi_return,reviewed,derived from behaviorally reviewed canonical definition src/arm9/leaf_accessors.c:114; function remains explicitly behavior-only,0x02036838
arm9,0x020369C0,2,value_in_r0_or_abi_return,reviewed,derived from behaviorally reviewed canonical definition src/arm9/leaf_accessors.c:167; function remains explicitly behavior-only,0x020369C0
arm9,0x02036B4C,2,value_in_r0_or_abi_return,reviewed,derived from behaviorally reviewed canonical definition src/arm9/leaf_accessors.c:54; function remains explicitly behavior-only,0x02036B4C
arm9,0x02036CD8,1,value_in_r0_or_abi_return,reviewed,derived from behaviorally reviewed canonical definition src/arm9/leaf_accessors.c:115; function remains explicitly behavior-only,0x02036CD8
arm9,0x020375F4,1,void,confirmed,derived from behaviorally reviewed canonical definition src/arm9/nonleaf.c:516; compiler output is byte-exact,0x020375F4
arm9,0x02037748,0,value_in_r0_or_abi_return,confirmed,derived from behaviorally reviewed canonical definition src/arm9/global_accessors.c:99; compiler output is byte-exact,0x02037748
arm9,0x02037F40,1,value_in_r0_or_abi_return,confirmed,derived from behaviorally reviewed canonical definition src/arm9/nonleaf.c:521; compiler output is byte-exact,0x02037F40
arm9,0x02037F98,2,value_in_r0_or_abi_return,confirmed,derived from behaviorally reviewed canonical definition src/arm9/nonleaf.c:526; compiler output is byte-exact,0x02037F98
arm9,0x02038B48,1,value_in_r0_or_abi_return,confirmed,derived from behaviorally reviewed canonical definition src/arm9/leaf_accessors.c:32; compiler output is byte-exact,0x02038B48
arm9,0x0203C01C,1,value_in_r0_or_abi_return,confirmed,derived from behaviorally reviewed canonical definition src/arm9/nonleaf.c:359; compiler output is byte-exact,0x0203C01C
arm9,0x0203C030,1,value_in_r0_or_abi_return,confirmed,derived from behaviorally reviewed canonical definition src/arm9/nonleaf.c:363; compiler output is byte-exact,0x0203C030
arm9,0x0203C06C,1,value_in_r0_or_abi_return,confirmed,derived from behaviorally reviewed canonical definition src/arm9/nonleaf.c:367; compiler output is byte-exact,0x0203C06C
arm9,0x0203C080,1,value_in_r0_or_abi_return,confirmed,derived from behaviorally reviewed canonical definition src/arm9/nonleaf.c:371; compiler output is byte-exact,0x0203C080
arm9,0x0203C23C,0,value_in_r0_or_abi_return,confirmed,derived from behaviorally reviewed canonical definition src/arm9/nonleaf.c:319; compiler output is byte-exact,0x0203C23C
arm9,0x0203C250,0,value_in_r0_or_abi_return,confirmed,derived from behaviorally reviewed canonical definition src/arm9/nonleaf.c:324; compiler output is byte-exact,0x0203C250
arm9,0x0203C410,2,value_in_r0_or_abi_return,confirmed,derived from behaviorally reviewed canonical definition src/arm9/leaf_accessors.c:53; compiler output is byte-exact,0x0203C410
arm9,0x020487A0,2,value_in_r0_or_abi_return,reviewed,derived from behaviorally reviewed canonical definition src/arm9/nonleaf.c:1019; function remains explicitly behavior-only,0x020487A0
arm9,0x0204F3CC,5,value_in_r0_or_abi_return,reviewed,derived from behaviorally reviewed canonical definition src/arm9/leaf_accessors.c:357; function remains explicitly behavior-only,0x0204F3CC
arm9,0x0204F474,0,void,confirmed,derived from behaviorally reviewed canonical definition src/arm9/nonleaf.c:873; compiler output is byte-exact,0x0204F474
arm9,0x0204F7A0,1,value_in_r0_or_abi_return,confirmed,derived from behaviorally reviewed canonical definition src/arm9/leaf_accessors.c:48; compiler output is byte-exact,0x0204F7A0
arm9,0x0204F7D4,1,value_in_r0_or_abi_return,reviewed,derived from behaviorally reviewed canonical definition src/arm9/leaf_accessors.c:247; function remains explicitly behavior-only,0x0204F7D4
arm9,0x0204F7EC,1,value_in_r0_or_abi_return,reviewed,derived from behaviorally reviewed canonical definition src/arm9/leaf_accessors.c:251; function remains explicitly behavior-only,0x0204F7EC
arm9,0x02051448,1,value_in_r0_or_abi_return,reviewed,derived from behaviorally reviewed canonical definition src/arm9/global_accessors.c:17; function remains explicitly behavior-only,0x02051448
arm9,0x02052024,1,void,confirmed,derived from behaviorally reviewed canonical definition src/arm9/nonleaf.c:262; compiler output is byte-exact,0x02052024
arm9,0x0205208C,1,value_in_r0_or_abi_return,confirmed,derived from behaviorally reviewed canonical definition src/arm9/nonleaf.c:329; compiler output is byte-exact,0x0205208C
arm9,0x020522A8,3,value_in_r0_or_abi_return,confirmed,derived from behaviorally reviewed canonical definition src/arm9/nonleaf.c:451; compiler output is byte-exact,0x020522A8
arm9,0x020525F0,1,value_in_r0_or_abi_return,reviewed,derived from behaviorally reviewed canonical definition src/arm9/leaf_accessors.c:174; function remains explicitly behavior-only,0x020525F0
arm9,0x02052698,1,value_in_r0_or_abi_return,confirmed,derived from behaviorally reviewed canonical definition src/arm9/nonleaf.c:270; compiler output is byte-exact,0x02052698
arm9,0x020526AC,0,value_in_r0_or_abi_return,confirmed,derived from behaviorally reviewed canonical definition src/arm9/leaf_accessors.c:42; compiler output is byte-exact,0x020526AC
arm9,0x020527CC,2,void,reviewed,derived from behaviorally reviewed canonical definition src/arm9/leaf_accessors.c:283; function remains explicitly behavior-only,0x020527CC
arm9,0x020528D0,0,void,confirmed,derived from behaviorally reviewed canonical definition src/arm9/nonleaf.c:763; compiler output is byte-exact,0x020528D0
arm9,0x02052D90,2,value_in_r0_or_abi_return,confirmed,derived from behaviorally reviewed canonical definition src/arm9/mar.c:7; compiler output is byte-exact,0x02052D90
arm9,0x02053234,1,void,confirmed,derived from behaviorally reviewed canonical definition src/arm9/leaf_accessors.c:43; compiler output is byte-exact,0x02053234
arm9,0x0205323C,1,value_in_r0_or_abi_return,confirmed,derived from behaviorally reviewed canonical definition src/arm9/nonleaf.c:729; compiler output is byte-exact,0x0205323C
arm9,0x02053260,2,value_in_r0_or_abi_return,reviewed,derived from behaviorally reviewed canonical definition src/arm9/variadic/nonleaf.c:48; function remains explicitly behavior-only,0x02053260
arm9,0x0205327C,2,value_in_r0_or_abi_return,confirmed,derived from behaviorally reviewed canonical definition src/arm9/nonleaf.c:282; compiler output is byte-exact,0x0205327C
arm9,0x02053290,1,value_in_r0_or_abi_return,confirmed,derived from behaviorally reviewed canonical definition src/arm9/nonleaf.c:272; compiler output is byte-exact,0x02053290
arm9,0x0205359C,1,void,reviewed,derived from behaviorally reviewed canonical definition src/arm9/leaf_accessors.c:149; function remains explicitly behavior-only,0x0205359C
arm9,0x02053D60,2,void,confirmed,derived from behaviorally reviewed canonical definition src/arm9/nonleaf.c:571; compiler output is byte-exact,0x02053D60
arm9,0x02053D78,1,value_in_r0_or_abi_return,reviewed,derived from behaviorally reviewed canonical definition src/arm9/nonleaf.c:390; function remains explicitly behavior-only,0x02053D78
arm9,0x02053F00,1,value_in_r0_or_abi_return,confirmed,derived from behaviorally reviewed canonical definition src/arm9/nonleaf.c:188; compiler output is byte-exact,0x02053F00
arm9,0x02053F44,1,value_in_r0_or_abi_return,reviewed,derived from behaviorally reviewed canonical definition src/arm9/nonleaf.c:398; function remains explicitly behavior-only,0x02053F44
arm9,0x02054184,0,value_in_r0_or_abi_return,reviewed,derived from behaviorally reviewed canonical definition src/arm9/global_accessors.c:21; function remains explicitly behavior-only,0x02054184
arm9,0x02054658,2,void,confirmed,derived from behaviorally reviewed canonical definition src/arm9/global_accessors.c:41; compiler output is byte-exact,0x02054658
arm9,0x020548B4,3,value_in_r0_or_abi_return,reviewed,derived from behaviorally reviewed canonical definition src/arm9/nonleaf.c:930; function remains explicitly behavior-only,0x020548B4
arm9,0x02054AF0,2,void,confirmed,derived from behaviorally reviewed canonical definition src/arm9/global_accessors.c:46; compiler output is byte-exact,0x02054AF0
arm9,0x02054CF8,2,void,confirmed,derived from behaviorally reviewed canonical definition src/arm9/global_accessors.c:51; compiler output is byte-exact,0x02054CF8
arm9,0x02056894,0,void,confirmed,derived from behaviorally reviewed canonical definition src/arm9/leaf_accessors.c:29; compiler output is byte-exact,0x02056894
arm9,0x02056B10,1,value_in_r0_or_abi_return,confirmed,derived from behaviorally reviewed canonical definition src/arm9/nonleaf.c:640; compiler output is byte-exact,0x02056B10
arm9,0x02056BC0,2,void,reviewed,derived from behaviorally reviewed canonical definition src/arm9/nonleaf.c:807; function remains explicitly behavior-only,0x02056BC0
arm9,0x02057148,4,value_in_r0_or_abi_return,reviewed,derived from behaviorally reviewed canonical definition src/arm9/nonleaf.c:1036; function remains explicitly behavior-only,0x02057148
arm9,0x020576C8,4,void,confirmed,derived from behaviorally reviewed canonical definition src/arm9/leaf_accessors.c:56; compiler output is byte-exact,0x020576C8
arm9,0x020578C0,2,value_in_r0_or_abi_return,reviewed,derived from behaviorally reviewed canonical definition src/arm9/nonleaf.c:886; function remains explicitly behavior-only,0x020578C0
arm9,0x0205816C,7,value_in_r0_or_abi_return,confirmed,derived from behaviorally reviewed canonical definition src/arm9/nonleaf.c:538; compiler output is byte-exact,0x0205816C
arm9,0x02058194,2,void,confirmed,derived from behaviorally reviewed canonical definition src/arm9/leaf_accessors.c:55; compiler output is byte-exact,0x02058194
arm9,0x020581CC,2,value_in_r0_or_abi_return,reviewed,derived from behaviorally reviewed canonical definition src/arm9/leaf_accessors.c:203; function remains explicitly behavior-only,0x020581CC
arm9,0x02058228,0,value_in_r0_or_abi_return,confirmed,derived from behaviorally reviewed canonical definition src/arm9/nonleaf.c:612; compiler output is byte-exact,0x02058228
arm9,0x02059B60,7,void,reviewed,derived from behaviorally reviewed canonical definition src/arm9/leaf_accessors.c:344; function remains explicitly behavior-only,0x02059B60
arm9,0x02059C34,2,void,confirmed,derived from behaviorally reviewed canonical definition src/arm9/leaf_accessors.c:145; compiler output is byte-exact,0x02059C34
arm9,0x02059D54,1,value_in_r0_or_abi_return,reviewed,derived from behaviorally reviewed canonical definition src/arm9/global_accessors.c:33; function remains explicitly behavior-only,0x02059D54
arm9,0x02059DB8,3,void,confirmed,derived from behaviorally reviewed canonical definition src/arm9/global_accessors.c:79; compiler output is byte-exact,0x02059DB8
arm9,0x0205DB04,1,value_in_r0_or_abi_return,confirmed,derived from behaviorally reviewed canonical definition src/arm9/nonleaf.c:303; compiler output is byte-exact,0x0205DB04
arm9,0x0205DB1C,1,value_in_r0_or_abi_return,confirmed,derived from behaviorally reviewed canonical definition src/arm9/nonleaf.c:194; compiler output is byte-exact,0x0205DB1C
arm9,0x0205DB2C,1,value_in_r0_or_abi_return,confirmed,derived from behaviorally reviewed canonical definition src/arm9/nonleaf.c:201; compiler output is byte-exact,0x0205DB2C
arm9,0x0205F2F0,2,void,reviewed,derived from behaviorally reviewed canonical definition src/arm9/leaf_accessors.c:265; function remains explicitly behavior-only,0x0205F2F0
arm9,0x0205FA1C,5,value_in_r0_or_abi_return,confirmed,derived from behaviorally reviewed canonical definition src/arm9/nonleaf.c:769; compiler output is byte-exact,0x0205FA1C
arm9,0x0205FB50,0,value_in_r0_or_abi_return,confirmed,derived from behaviorally reviewed canonical definition src/arm9/nonleaf.c:616; compiler output is byte-exact,0x0205FB50
arm9,0x0205FB68,2,value_in_r0_or_abi_return,reviewed,derived from behaviorally reviewed canonical definition src/arm9/global_accessors.c:25; function remains explicitly behavior-only,0x0205FB68
arm9,0x0205FBB8,3,value_in_r0_or_abi_return,confirmed,derived from behaviorally reviewed canonical definition src/arm9/nonleaf.c:208; compiler output is byte-exact,0x0205FBB8
arm9,0x0205FC5C,5,value_in_r0_or_abi_return,confirmed,derived from behaviorally reviewed canonical definition src/arm9/nonleaf.c:545; compiler output is byte-exact,0x0205FC5C
arm9,0x0205FDB0,2,void,confirmed,derived from behaviorally reviewed canonical definition src/arm9/global_accessors.c:70; compiler output is byte-exact,0x0205FDB0
arm9,0x0205FDC8,2,void,reviewed,derived from behaviorally reviewed canonical definition src/arm9/leaf_accessors.c:274; function remains explicitly behavior-only,0x0205FDC8
arm9,0x0205FF14,3,value_in_r0_or_abi_return,confirmed,derived from behaviorally reviewed canonical definition src/arm9/nonleaf.c:550; compiler output is byte-exact,0x0205FF14
arm9,0x0205FFAC,3,value_in_r0_or_abi_return,reviewed,derived from behaviorally reviewed canonical definition src/arm9/nonleaf.c:1012; function remains explicitly behavior-only,0x0205FFAC
arm9,0x02060448,2,void,confirmed,derived from behaviorally reviewed canonical definition src/arm9/leaf_accessors.c:62; compiler output is byte-exact,0x02060448
arm9,0x02060A54,3,value_in_r0_or_abi_return,confirmed,derived from behaviorally reviewed canonical definition src/arm9/nonleaf.c:212; compiler output is byte-exact,0x02060A54
arm9,0x02060B30,1,void,confirmed,derived from behaviorally reviewed canonical definition src/arm9/nonleaf.c:457; compiler output is byte-exact,0x02060B30
arm9,0x02060E6C,2,value_in_r0_or_abi_return,confirmed,derived from behaviorally reviewed canonical definition src/arm9/nonleaf.c:255; compiler output is byte-exact,0x02060E6C
arm9,0x02060E80,1,void,confirmed,derived from behaviorally reviewed canonical definition src/arm9/leaf_accessors.c:44; compiler output is byte-exact,0x02060E80
arm9,0x02061314,1,void,confirmed,derived from behaviorally reviewed canonical definition src/arm9/global_accessors.c:56; compiler output is byte-exact,0x02061314
arm9,0x0206133C,1,void,confirmed,derived from behaviorally reviewed canonical definition src/arm9/leaf_accessors.c:45; compiler output is byte-exact,0x0206133C
arm9,0x02061504,2,value_in_r0_or_abi_return,confirmed,derived from behaviorally reviewed canonical definition src/arm9/nonleaf.c:466; compiler output is byte-exact,0x02061504
arm9,0x02061568,1,value_in_r0_or_abi_return,confirmed,derived from behaviorally reviewed canonical definition src/arm9/leaf_accessors.c:35; compiler output is byte-exact,0x02061568
arm9,0x02061720,2,value_in_r0_or_abi_return,confirmed,derived from behaviorally reviewed canonical definition src/arm9/nonleaf.c:375; compiler output is byte-exact,0x02061720
arm9,0x02062848,1,void,confirmed,derived from behaviorally reviewed canonical definition src/arm9/global_accessors.c:37; compiler output is byte-exact,0x02062848
arm9,0x02062884,1,value_in_r0_or_abi_return,confirmed,derived from behaviorally reviewed canonical definition src/arm9/nonleaf.c:751; compiler output is byte-exact,0x02062884
arm9,0x02062984,3,void,reviewed,derived from behaviorally reviewed canonical definition src/arm9/leaf_accessors.c:141; function remains explicitly behavior-only,0x02062984
arm9,0x02062A30,1,value_in_r0_or_abi_return,confirmed,derived from behaviorally reviewed canonical definition src/arm9/nonleaf.c:650; compiler output is byte-exact,0x02062A30
arm9,0x02063558,1,value_in_r0_or_abi_return,confirmed,derived from behaviorally reviewed canonical definition src/arm9/nonleaf.c:219; compiler output is byte-exact,0x02063558
arm9,0x02063568,1,value_in_r0_or_abi_return,confirmed,derived from behaviorally reviewed canonical definition src/arm9/nonleaf.c:227; compiler output is byte-exact,0x02063568
arm9,0x02063578,1,value_in_r0_or_abi_return,confirmed,derived from behaviorally reviewed canonical definition src/arm9/nonleaf.c:235; compiler output is byte-exact,0x02063578
arm9,0x02063588,2,value_in_r0_or_abi_return,confirmed,derived from behaviorally reviewed canonical definition src/arm9/nonleaf.c:339; compiler output is byte-exact,0x02063588
arm9,0x02063BC8,0,void,confirmed,derived from behaviorally reviewed canonical definition src/arm9/leaf_accessors.c:30; compiler output is byte-exact,0x02063BC8
arm9,0x02064390,3,value_in_r0_or_abi_return,confirmed,derived from behaviorally reviewed canonical definition src/arm9/nonleaf.c:836; compiler output is byte-exact,0x02064390
arm9,0x02064AA8,1,value_in_r0_or_abi_return,confirmed,derived from behaviorally reviewed canonical definition src/arm9/leaf_accessors.c:36; compiler output is byte-exact,0x02064AA8
arm9,0x02065740,2,void,confirmed,derived from behaviorally reviewed canonical definition src/arm9/nonleaf.c:576; compiler output is byte-exact,0x02065740
arm9,0x020659F8,1,value_in_r0_or_abi_return,reviewed,derived from behaviorally reviewed canonical definition src/arm9/nonleaf.c:686; function remains explicitly behavior-only,0x020659F8
arm9,0x02065CA4,1,value_in_r0_or_abi_return,reviewed,derived from behaviorally reviewed canonical definition src/arm9/nonleaf.c:695; function remains explicitly behavior-only,0x02065CA4
arm9,0x02066878,1,value_in_r0_or_abi_return,confirmed,derived from behaviorally reviewed canonical definition src/arm9/leaf_accessors.c:37; compiler output is byte-exact,0x02066878
arm9,0x0206687C,3,value_in_r0_or_abi_return,confirmed,derived from behaviorally reviewed canonical definition src/arm9/nonleaf.c:844; compiler output is byte-exact,0x0206687C
arm9,0x02067F84,2,void,confirmed,derived from behaviorally reviewed canonical definition src/arm9/nonleaf.c:581; compiler output is byte-exact,0x02067F84
arm9,0x02068334,1,value_in_r0_or_abi_return,confirmed,derived from behaviorally reviewed canonical definition src/arm9/nonleaf.c:243; compiler output is byte-exact,0x02068334
arm9,0x02068378,1,value_in_r0_or_abi_return,reviewed,derived from behaviorally reviewed canonical definition src/arm9/nonleaf.c:406; function remains explicitly behavior-only,0x02068378
arm9,0x02069024,2,void,confirmed,derived from behaviorally reviewed canonical definition src/arm9/nonleaf.c:586; compiler output is byte-exact,0x02069024
arm9,0x020691B0,1,value_in_r0_or_abi_return,confirmed,derived from behaviorally reviewed canonical definition src/arm9/nonleaf.c:249; compiler output is byte-exact,0x020691B0
arm9,0x020691F4,1,value_in_r0_or_abi_return,reviewed,derived from behaviorally reviewed canonical definition src/arm9/nonleaf.c:414; function remains explicitly behavior-only,0x020691F4
arm9,0x02069210,1,value_in_r0_or_abi_return,reviewed,derived from behaviorally reviewed canonical definition src/arm9/nonleaf.c:996; function remains explicitly behavior-only,0x02069210
arm9,0x02069288,1,void,reviewed,derived from behaviorally reviewed canonical definition src/arm9/nonleaf.c:852; function remains explicitly behavior-only,0x02069288
arm9,0x02069320,2,void,confirmed,derived from behaviorally reviewed canonical definition src/arm9/leaf_accessors.c:51; compiler output is byte-exact,0x02069320
arm9,0x02069404,2,void,confirmed,derived from behaviorally reviewed canonical definition src/arm9/leaf_accessors.c:52; compiler output is byte-exact,0x02069404
arm9,0x020696E0,2,void,confirmed,derived from behaviorally reviewed canonical definition src/arm9/leaf_accessors.c:50; compiler output is byte-exact,0x020696E0
arm9,0x020696E8,1,value_in_r0_or_abi_return,confirmed,derived from behaviorally reviewed canonical definition src/arm9/leaf_accessors.c:49; compiler output is byte-exact,0x020696E8
arm9,0x02069734,1,value_in_r0_or_abi_return,reviewed,derived from behaviorally reviewed canonical definition src/arm9/leaf_accessors.c:303; function remains explicitly behavior-only,0x02069734
arm9,0x0206C030,1,value_in_r0_or_abi_return,confirmed,derived from behaviorally reviewed canonical definition src/arm9/nonleaf.c:177; compiler output is byte-exact,0x0206C030
arm9,0x0206C184,2,value_in_r0_or_abi_return,confirmed,derived from behaviorally reviewed canonical definition src/arm9/interworking/nonleaf.c:18; compiler output is byte-exact,0x0206C184
arm9,0x0207CA98,1,void,confirmed,derived from behaviorally reviewed canonical definition src/arm9/global_accessors.c:11; compiler output is byte-exact,0x0207CA98
arm9,0x0207CAAC,0,value_in_r0_or_abi_return,confirmed,derived from behaviorally reviewed canonical definition src/arm9/global_accessors.c:8; compiler output is byte-exact,0x0207CAAC
arm9,0x0207CAB4,0,value_in_r0_or_abi_return,confirmed,derived from behaviorally reviewed canonical definition src/arm9/global_accessors.c:9; compiler output is byte-exact,0x0207CAB4
arm9,0x0207CB04,1,value_in_r0_or_abi_return,confirmed,derived from behaviorally reviewed canonical definition src/arm9/nonleaf.c:310; compiler output is byte-exact,0x0207CB04
arm9,0x0207CC74,0,void,reviewed,derived from behaviorally reviewed canonical definition src/arm9/global_accessors.c:63; function remains explicitly behavior-only,0x0207CC74
arm9,0x0207DA90,0,void,confirmed,derived from behaviorally reviewed canonical definition src/arm9/nonleaf.c:776; compiler output is byte-exact,0x0207DA90
arm9,0x0207DC40,1,value_in_r0_or_abi_return,reviewed,derived from behaviorally reviewed canonical definition src/arm9/global_accessors.c:114; function remains explicitly behavior-only,0x0207DC40
arm9,0x0207E4AC,1,void,confirmed,derived from behaviorally reviewed canonical definition src/arm9/interworking/nonleaf.c:12; compiler output is byte-exact,0x0207E4AC
arm9,0x0207E5C4,1,value_in_r0_or_abi_return,confirmed,derived from behaviorally reviewed canonical definition src/arm9/leaf_accessors.c:116; compiler output is byte-exact,0x0207E5C4
arm9,0x0207E890,1,void,reviewed,derived from behaviorally reviewed canonical definition src/arm9/leaf_accessors.c:255; function remains explicitly behavior-only,0x0207E890
arm9,0x0207E96C,5,value_in_r0_or_abi_return,reviewed,derived from behaviorally reviewed canonical definition src/arm9/nonleaf.c:984; function remains explicitly behavior-only,0x0207E96C
arm9,0x0207E990,3,value_in_r0_or_abi_return,reviewed,derived from behaviorally reviewed variadic definition src/arm9/variadic/nonleaf.c; three named arguments and variadic tail are explicitly represented in source,0x0207E990
arm9,0x02032DD0,6,void,reviewed,derived from caller 0x02032D24 and behaviorally reviewed variadic definition src/arm9/variadic/nonleaf.c; call result is unused,0x02032D66
arm9,0x020617F4,1,value_in_r0_or_abi_return,reviewed,derived from behaviorally reviewed constructor definition src/arm9/nonleaf.c; returns original object,0x020617F4
arm9,0x0205DB7C,2,void,reviewed,derived from behaviorally reviewed two-call MAR extraction definition src/arm9/nonleaf.c; writes two output words,0x0205DB7C
arm9,0x0207E5D0,3,value_in_r0_or_abi_return,reviewed,derived from behaviorally reviewed local-context definition src/arm9/nonleaf.c; returns one,0x0207FA68
arm9,0x020692A4,1,void,reviewed,derived from behaviorally reviewed conditional virtual cleanup definition src/arm9/nonleaf.c,0x020692A4
arm9,0x0207EA98,3,value_in_r0_or_abi_return,confirmed,derived from behaviorally reviewed canonical definition src/arm9/nonleaf.c:347; compiler output is byte-exact,0x0207EA98
arm9,0x0207EB94,1,value_in_r0_or_abi_return,reviewed,derived from behaviorally reviewed canonical definition src/arm9/leaf_accessors.c:175; function remains explicitly behavior-only,0x0207EB94
arm9,0x0207EBD0,2,void,reviewed,derived from behaviorally reviewed canonical definition src/arm9/global_accessors.c:75; function remains explicitly behavior-only,0x0207EBD0
arm9,0x0207EEE4,1,value_in_r0_or_abi_return,confirmed,derived from behaviorally reviewed canonical definition src/arm9/nonleaf.c:156; compiler output is byte-exact,0x0207EEE4
arm9,0x0207F8A0,3,value_in_r0_or_abi_return,confirmed,derived from behaviorally reviewed canonical definition src/arm9/leaf_accessors.c:119; compiler output is byte-exact,0x0207F8A0
arm9,0x0207FAD4,3,void,reviewed,derived from behaviorally reviewed canonical definition src/arm9/leaf_accessors.c:198; function remains explicitly behavior-only,0x0207FAD4
arm9,0x0207FC20,1,value_in_r0_or_abi_return,confirmed,derived from behaviorally reviewed canonical definition src/arm9/leaf_accessors.c:38; compiler output is byte-exact,0x0207FC20
arm9,0x0207FC24,1,value_in_r0_or_abi_return,confirmed,derived from behaviorally reviewed canonical definition src/arm9/leaf_accessors.c:39; compiler output is byte-exact,0x0207FC24
arm9,0x0207FD2C,0,value_in_r0_or_abi_return,confirmed,derived from behaviorally reviewed canonical definition src/arm9/leaf_accessors.c:41; compiler output is byte-exact,0x0207FD2C
arm9,0x0207FE54,1,void,confirmed,derived from behaviorally reviewed canonical definition src/arm9/nonleaf.c:896; compiler output is byte-exact,0x0207FE54
arm9,0x02081210,1,value_in_r0_or_abi_return,confirmed,derived from behaviorally reviewed canonical definition src/arm9/nonleaf.c:173; compiler output is byte-exact,0x02081210
arm9,0x020817C8,2,value_in_r0_or_abi_return,confirmed,derived from behaviorally reviewed canonical definition src/arm9/leaf_accessors.c:232; compiler output is byte-exact,0x020817C8
arm9,0x0208196C,0,value_in_r0_or_abi_return,confirmed,derived from behaviorally reviewed canonical definition src/arm9/global_accessors.c:12; compiler output is byte-exact,0x0208196C
arm9,0x02084800,0,void,confirmed,derived from behaviorally reviewed canonical definition src/arm9/nonleaf.c:866; compiler output is byte-exact,0x02084800
arm9,0x0208657C,0,void,reviewed,derived from behaviorally reviewed canonical definition src/arm9/global_accessors.c:28; function remains explicitly behavior-only,0x0208657C
arm9,0x020867DC,1,void,confirmed,derived from behaviorally reviewed canonical definition src/arm9/nonleaf.c:758; compiler output is byte-exact,0x020867DC
arm9,0x02086AA4,1,void,reviewed,derived from behaviorally reviewed canonical definition src/arm9/global_accessors.c:83; function remains explicitly behavior-only,0x02086AA4
arm9,0x02086AD4,3,value_in_r0_or_abi_return,confirmed,derived from behaviorally reviewed canonical definition src/arm9/variadic/nonleaf.c:30; compiler output is byte-exact,0x02086AD4
arm9,0x02086AF0,3,value_in_r0_or_abi_return,confirmed,derived from behaviorally reviewed canonical definition src/arm9/nonleaf.c:335; compiler output is byte-exact,0x02086AF0
arm9,0x02086B20,4,value_in_r0_or_abi_return,confirmed,derived from behaviorally reviewed canonical definition src/arm9/nonleaf.c:152; compiler output is byte-exact,0x02086B20
arm9,0x02086B28,0,void,reviewed,derived from behaviorally reviewed canonical definition src/arm9/global_accessors.c:32; function remains explicitly behavior-only,0x02086B28
arm9,0x02086B94,1,value_in_r0_or_abi_return,reviewed,derived from behaviorally reviewed canonical definition src/arm9/leaf_accessors.c:330; function remains explicitly behavior-only,0x02086B94
arm9,0x020870A0,1,void,confirmed,derived from behaviorally reviewed canonical definition src/arm9/interworking/nonleaf.c:33; compiler output is byte-exact,0x020870A0
arm9,0x020870BC,0,value_in_r0_or_abi_return,reviewed,derived from behaviorally reviewed canonical definition src/arm9/global_accessors.c:109; function remains explicitly behavior-only,0x020870BC
arm9,0x020871D4,1,value_in_r0_or_abi_return,confirmed,derived from behaviorally reviewed canonical definition src/arm9/leaf_accessors.c:40; compiler output is byte-exact,0x020871D4
arm9,0x02087260,1,value_in_r0_or_abi_return,confirmed,derived from behaviorally reviewed canonical definition src/arm9/interworking/nonleaf.c:23; compiler output is byte-exact,0x02087260
arm9,0x020872D0,2,void,confirmed,derived from behaviorally reviewed canonical definition src/arm9/leaf_accessors.c:137; compiler output is byte-exact,0x020872D0
arm9,0x020872D8,3,void,reviewed,derived from behaviorally reviewed canonical definition src/arm9/leaf_accessors.c:292; function remains explicitly behavior-only,0x020872D8
arm9,0x02087620,1,void,reviewed,derived from behaviorally reviewed canonical definition src/arm9/global_accessors.c:100; function remains explicitly behavior-only,0x02087620
arm9,0x020877D4,2,void,confirmed,derived from behaviorally reviewed canonical definition src/arm9/leaf_accessors.c:224; compiler output is byte-exact,0x020877D4
arm9,0x02087A88,1,value_in_r0_or_abi_return,confirmed,derived from behaviorally reviewed canonical definition src/arm9/global_accessors.c:14; compiler output is byte-exact,0x02087A88
arm9,0x02087A94,1,value_in_r0_or_abi_return,confirmed,derived from behaviorally reviewed canonical definition src/arm9/global_accessors.c:15; compiler output is byte-exact,0x02087A94
arm9,0x02087C08,2,void,confirmed,derived from behaviorally reviewed canonical definition src/arm9/global_accessors.c:16; compiler output is byte-exact,0x02087C08
arm9,0x02087C14,2,value_in_r0_or_abi_return,confirmed,derived from behaviorally reviewed canonical definition src/arm9/leaf_accessors.c:125; compiler output is byte-exact,0x02087C14
arm9,0x02087C24,2,value_in_r0_or_abi_return,reviewed,derived from behaviorally reviewed canonical definition src/arm9/leaf_accessors.c:216; function remains explicitly behavior-only,0x02087C24
arm9,0x02088344,0,value_in_r0_or_abi_return,confirmed,derived from behaviorally reviewed canonical definition src/arm9/global_accessors.c:13; compiler output is byte-exact,0x02088344
arm9,0x020886BC,1,void,reviewed,derived from behaviorally reviewed canonical definition src/arm9/nonleaf.c:958; function remains explicitly behavior-only,0x020886BC
arm9,0x02088708,1,void,confirmed,derived from behaviorally reviewed canonical definition src/arm9/leaf_accessors.c:131; compiler output is byte-exact,0x02088708
arm9,0x02088A2C,1,value_in_r0_or_abi_return,confirmed,derived from behaviorally reviewed canonical definition src/arm9/nonleaf.c:161; compiler output is byte-exact,0x02088A2C
arm9,0x02088A38,0,value_in_r0_or_abi_return,confirmed,derived from behaviorally reviewed canonical definition src/arm9/global_accessors.c:10; compiler output is byte-exact,0x02088A38
arm9,0x02088FA0,1,void,confirmed,derived from behaviorally reviewed canonical definition src/arm9/leaf_accessors.c:70; compiler output is byte-exact,0x02088FA0
arm9,0x0208B4A4,5,value_in_r0_or_abi_return,reviewed,derived from behaviorally reviewed canonical definition src/arm9/nonleaf.c:1028; function remains explicitly behavior-only,0x0208B4A4
arm9,0x0208B52C,1,value_in_r0_or_abi_return,confirmed,derived from behaviorally reviewed canonical definition src/arm9/nonleaf.c:620; compiler output is byte-exact,0x0208B52C
arm9,0x0208B5A4,2,value_in_r0_or_abi_return,confirmed,derived from behaviorally reviewed canonical definition src/arm9/nonleaf.c:630; compiler output is byte-exact,0x0208B5A4
arm9,0x0208B6E4,1,void,confirmed,derived from behaviorally reviewed canonical definition src/arm9/nonleaf.c:903; compiler output is byte-exact,0x0208B6E4
arm9,0x0208BBD0,1,void,confirmed,derived from behaviorally reviewed canonical definition src/arm9/nonleaf.c:908; compiler output is byte-exact,0x0208BBD0
arm9,0x0208C534,2,void,reviewed,derived from behaviorally reviewed canonical definition src/arm9/leaf_accessors.c:176; function remains explicitly behavior-only,0x0208C534
arm9,0x0208F42C,0,value_in_r0_or_abi_return,confirmed,derived from behaviorally reviewed canonical definition src/arm9/nonleaf.c:744; compiler output is byte-exact,0x0208F42C
arm9,0x0208F694,1,value_in_r0_or_abi_return,confirmed,derived from behaviorally reviewed canonical definition src/arm9/leaf_accessors.c:138; compiler output is byte-exact,0x0208F694
arm9,0x0208F69C,0,void,confirmed,derived from behaviorally reviewed canonical definition src/arm9/leaf_accessors.c:31; compiler output is byte-exact,0x0208F69C
arm9,0x0208F6A4,1,void,reviewed,derived from behaviorally reviewed canonical definition src/arm9/leaf_accessors.c:157; function remains explicitly behavior-only,0x0208F6A4
arm9,0x02090270,2,value_in_r0_or_abi_return,reviewed,derived from behaviorally reviewed canonical definition src/arm9/leaf_accessors.c:189; function remains explicitly behavior-only,0x02090270
arm9,0x02090380,3,void,reviewed,derived from behaviorally reviewed canonical definition src/arm9/leaf_accessors.c:193; function remains explicitly behavior-only,0x02090380
arm9,0x020903CC,1,value_in_r0_or_abi_return,confirmed,derived from behaviorally reviewed canonical definition src/arm9/nonleaf.c:168; compiler output is byte-exact,0x020903CC
arm9,0x02090410,3,value_in_r0_or_abi_return,reviewed,derived from behaviorally reviewed canonical definition src/arm9/leaf_accessors.c:321; function remains explicitly behavior-only,0x02090410
arm9,0x02091B10,3,value_in_r0_or_abi_return,confirmed,derived from behaviorally reviewed canonical definition src/arm9/variadic/nonleaf.c:39; compiler output is byte-exact,0x02091B10
arm9,0x02092864,1,value_in_r0_or_abi_return,reviewed,derived from behaviorally reviewed canonical definition src/arm9/leaf_accessors.c:237; function remains explicitly behavior-only,0x02092864
arm9,0x02092A2C,2,value_in_r0_or_abi_return,reviewed,derived from behaviorally reviewed canonical definition src/arm9/leaf_accessors.c:312; function remains explicitly behavior-only,0x02092A2C
arm9,0x02093B94,3,value_in_r0_or_abi_return,reviewed,derived from behaviorally reviewed canonical definition src/arm9/leaf_accessors.c:208; function remains explicitly behavior-only,0x02093B94
arm9,0x02093BB4,1,value_in_r0_or_abi_return,reviewed,derived from behaviorally reviewed canonical definition src/arm9/leaf_accessors.c:242; function remains explicitly behavior-only,0x02093BB4
arm9,0x02096AA8,2,value_in_r0_or_abi_return,reviewed,derived from behaviorally reviewed canonical definition src/arm9/global_accessors.c:106; function remains explicitly behavior-only,0x02096AA8
arm9,0x02096BAC,1,value_in_r0_or_abi_return,reviewed,derived from behaviorally reviewed canonical definition src/arm9/global_accessors.c:74; function remains explicitly behavior-only,0x02096BAC
arm9,0x0209A71C,2,value_in_r0_or_abi_return,reviewed,derived from behaviorally reviewed canonical definition src/arm9/leaf_accessors.c:236; function remains explicitly behavior-only,0x0209A71C
arm9,0x0209CC90,0,void,confirmed,derived from behaviorally reviewed canonical definition src/arm9/nonleaf.c:950; compiler output is byte-exact,0x0209CC90
overlay_02,0x02196414,1,value_in_r0_or_abi_return,confirmed,derived from behaviorally reviewed canonical definition src/overlay_02/leaf_accessors.c:5; compiler output is byte-exact,0x02196414
overlay_02,0x021A16D4,1,value_in_r0_or_abi_return,confirmed,derived from behaviorally reviewed canonical definition src/overlay_02/leaf_accessors.c:9; compiler output is byte-exact,0x021A16D4
overlay_02,0x021A16DC,1,value_in_r0_or_abi_return,confirmed,derived from behaviorally reviewed canonical definition src/overlay_02/leaf_accessors.c:10; compiler output is byte-exact,0x021A16DC
overlay_02,0x021A170C,1,value_in_r0_or_abi_return,confirmed,derived from behaviorally reviewed canonical definition src/overlay_02/leaf_accessors.c:17; compiler output is byte-exact,0x021A170C
overlay_02,0x021A18BC,1,value_in_r0_or_abi_return,confirmed,derived from behaviorally reviewed canonical definition src/overlay_02/leaf_accessors.c:18; compiler output is byte-exact,0x021A18BC
overlay_02,0x021A18C4,2,value_in_r0_or_abi_return,confirmed,derived from behaviorally reviewed canonical definition src/overlay_02/leaf_accessors.c:35; compiler output is byte-exact,0x021A18C4
overlay_02,0x021A1AC4,1,value_in_r0_or_abi_return,confirmed,derived from behaviorally reviewed canonical definition src/overlay_02/leaf_accessors.c:11; compiler output is byte-exact,0x021A1AC4
overlay_02,0x021A1E04,1,value_in_r0_or_abi_return,confirmed,derived from behaviorally reviewed canonical definition src/overlay_02/leaf_accessors.c:19; compiler output is byte-exact,0x021A1E04
overlay_02,0x021AA11C,2,value_in_r0_or_abi_return,reviewed,derived from behaviorally reviewed canonical definition src/overlay_02/leaf_accessors.c:39; function remains explicitly behavior-only,0x021AA11C
overlay_02,0x021AA198,2,value_in_r0_or_abi_return,reviewed,derived from behaviorally reviewed canonical definition src/overlay_02/leaf_accessors.c:20; function remains explicitly behavior-only,0x021AA198
overlay_02,0x021AA1A0,2,value_in_r0_or_abi_return,confirmed,derived from behaviorally reviewed canonical definition src/overlay_02/nonleaf.c:18; compiler output is byte-exact,0x021AA1A0
overlay_02,0x021AA770,1,value_in_r0_or_abi_return,confirmed,derived from behaviorally reviewed canonical definition src/overlay_02/leaf_accessors.c:12; compiler output is byte-exact,0x021AA770
overlay_02,0x021AA778,1,value_in_r0_or_abi_return,confirmed,derived from behaviorally reviewed canonical definition src/overlay_02/leaf_accessors.c:13; compiler output is byte-exact,0x021AA778
overlay_02,0x021AA780,1,value_in_r0_or_abi_return,confirmed,derived from behaviorally reviewed canonical definition src/overlay_02/leaf_accessors.c:14; compiler output is byte-exact,0x021AA780
overlay_02,0x021AA788,1,value_in_r0_or_abi_return,confirmed,derived from behaviorally reviewed canonical definition src/overlay_02/leaf_accessors.c:15; compiler output is byte-exact,0x021AA788
overlay_02,0x021AA850,1,value_in_r0_or_abi_return,confirmed,derived from behaviorally reviewed canonical definition src/overlay_02/leaf_accessors.c:16; compiler output is byte-exact,0x021AA850
overlay_02,0x021AAB20,1,value_in_r0_or_abi_return,confirmed,derived from behaviorally reviewed canonical definition src/overlay_02/nonleaf.c:38; compiler output is byte-exact,0x021AAB20
overlay_02,0x021AAB40,1,value_in_r0_or_abi_return,confirmed,derived from behaviorally reviewed canonical definition src/overlay_02/leaf_accessors.c:23; compiler output is byte-exact,0x021AAB40
overlay_02,0x021AAB4C,1,value_in_r0_or_abi_return,confirmed,derived from behaviorally reviewed canonical definition src/overlay_02/leaf_accessors.c:27; compiler output is byte-exact,0x021AAB4C
overlay_02,0x021AAB58,1,value_in_r0_or_abi_return,confirmed,derived from behaviorally reviewed canonical definition src/overlay_02/leaf_accessors.c:31; compiler output is byte-exact,0x021AAB58
overlay_02,0x021AAC08,1,value_in_r0_or_abi_return,confirmed,derived from behaviorally reviewed canonical definition src/overlay_02/leaf_accessors.c:21; compiler output is byte-exact,0x021AAC08
overlay_02,0x021AAC10,1,value_in_r0_or_abi_return,confirmed,derived from behaviorally reviewed canonical definition src/overlay_02/leaf_accessors.c:22; compiler output is byte-exact,0x021AAC10
overlay_02,0x021AAC84,2,value_in_r0_or_abi_return,reviewed,derived from behaviorally reviewed canonical definition src/overlay_02/leaf_accessors.c:43; function remains explicitly behavior-only,0x021AAC84
overlay_02,0x021AAF9C,2,value_in_r0_or_abi_return,confirmed,derived from behaviorally reviewed canonical definition src/overlay_02/nonleaf.c:53; compiler output is byte-exact,0x021AAF9C
overlay_02,0x021AAFC0,1,value_in_r0_or_abi_return,confirmed,derived from behaviorally reviewed canonical definition src/overlay_02/nonleaf.c:13; compiler output is byte-exact,0x021AAFC0
overlay_02,0x021AAFFC,1,value_in_r0_or_abi_return,confirmed,derived from behaviorally reviewed canonical definition src/overlay_02/nonleaf.c:45; compiler output is byte-exact,0x021AAFFC
overlay_02,0x021AC8D8,2,value_in_r0_or_abi_return,confirmed,derived from behaviorally reviewed canonical definition src/overlay_02/nonleaf.c:26; compiler output is byte-exact,0x021AC8D8
overlay_02,0x021AC9D8,2,value_in_r0_or_abi_return,reviewed,derived from behaviorally reviewed canonical definition src/overlay_02/leaf_accessors.c:46; function remains explicitly behavior-only,0x021AC9D8
overlay_02,0x021ACFF4,2,value_in_r0_or_abi_return,confirmed,derived from behaviorally reviewed canonical definition src/overlay_02/nonleaf.c:22; compiler output is byte-exact,0x021ACFF4
overlay_02,0x021D2B7C,2,value_in_r0_or_abi_return,confirmed,derived from behaviorally reviewed canonical definition src/overlay_02/nonleaf.c:30; compiler output is byte-exact,0x021D2B7C
overlay_02,0x021D3310,1,value_in_r0_or_abi_return,confirmed,derived from behaviorally reviewed canonical definition src/overlay_02/leaf_accessors.c:6; compiler output is byte-exact,0x021D3310
overlay_02,0x021D3314,1,value_in_r0_or_abi_return,confirmed,derived from behaviorally reviewed canonical definition src/overlay_02/leaf_accessors.c:7; compiler output is byte-exact,0x021D3314
overlay_02,0x021D3318,1,value_in_r0_or_abi_return,confirmed,derived from behaviorally reviewed canonical definition src/overlay_02/leaf_accessors.c:8; compiler output is byte-exact,0x021D3318
overlay_11,0x021C9418,1,value_in_r0_or_abi_return,confirmed,derived from behaviorally reviewed canonical definition src/overlay_11/nonleaf.c:9; compiler output is byte-exact,0x021C9418
overlay_11,0x021C9818,1,void,confirmed,derived from behaviorally reviewed canonical definition src/overlay_11/leaf_accessors.c:3; compiler output is byte-exact,0x021C9818
